Stations,Jan,Feb,Mar,Apr,May,Jun,Jul,Aug,Sep,Oct,Nov,Dec,Jan,Feb,Mar,Apr,May,Jun,Jul,Aug,Sep,Oct,Nov,Dec
Dhaka,25.4,28,33.8,36.5,34.6,32.8,31.8,32.5,32.4,32.8,29.8,27,11.3,15.7,19.3,24.6,26.3,26.9,26.3,26.5,26.3,24,19.9,13.3
Mymensingh,23.9,26.2,30.4,33.4,33.5,31.5,30.6,31,31.9,32.2,29,25.7,10.7,14.5,17.6,22.9,25.1,26,25.8,26.1,25.9,23.4,19.5,13.5
Tangail,23.6,26.3,31.5,36.2,34.4,32.4,31.2,31.6,32.1,31.9,28.9,26,10.3,14.1,17.7,23.4,25.4,26.2,25.8,26.2,26,23.7,19.2,13.1
Faridpur,24,27.2,33,37,34.6,32.4,31,31.6,31.5,31.7,28.6,26,11.4,14.7,18.6,24.3,26,26.4,25.7,26.3,26.1,24.6,19.7,14
Madaripur,24.4,27.8,33.5,36,34.4,32.2,30.5,32.3,31.8,32.5,29,26.2,11,14.9,18.8,23.9,26.2,26.5,26.1,26.4,26.2,24.8,20.7,13.8
Chittagong,26,27.7,32,32.8,33.1,32.3,31.2,31.7,31.9,32.6,29.2,27.3,13.2,16.4,20.5,24.4,27.2,26.2,25.7,25.9,25.9,25.1,21.8,16
Sandwip,25.3,26.5,30.9,31.8,31.9,30.7,30,30.7,30.8,31.7,28.3,26.4,14.3,17,21.2,25.7,28.1,26.6,26.5,26.3,26.5,25.6,22.4,16.7
Sitakunda,26.6,28,32.5,32.4,32.4,31.2,30.4,31.3,31.5,32.7,29.1,27.4,11.2,14.6,18.3,24,26.9,25.9,25.6,25.5,25.5,24.5,21,13.5
Rangamati,26,28.3,33.7,35.5,34.7,32.2,31.5,32.1,32.4,32.2,28.7,26.4,11.7,14.4,18.3,23.6,25.9,25.5,24.7,24.9,24.8,23.8,21.2,14.7
Comilla,24.9,27.2,31.8,33.4,32.9,31.9,30.8,32,31.8,32.2,28.8,26.8,10.1,14.6,18,22.4,24.7,24.7,25.6,25.8,25.5,23.9,19.9,12.9
Chandpur,24.2,27.1,32.3,34.5,33.4,32.1,31.1,32,31.8,31.9,28.6,26.2,12.8,16,19.6,24,25.9,26.1,25.7,26.1,26,25.2,21,15.6
M_Court,25.3,27.4,32.5,33.7,33,31.2,30.3,31.2,31.1,31.9,28.5,26.3,12.2,17.1,19.4,24.5,26.5,26.2,26,26.1,26.3,25.6,21.8,16.2
Feni,26,27.9,33.1,33.4,32.9,31.4,30.6,31.7,31.4,32.5,28.9,27.4,11.4,15.7,19.5,23.9,26.2,25.4,24.7,24.8,25.1,24.3,20.8,14.5
Hatiya,25.3,27,31.7,32.8,32.4,31,30.2,31,30.8,31.8,28.6,26.8,13.4,17,20.7,25.3,27.5,26.5,26.3,26.3,26.4,25.5,22,16.2
Cox's_Bazar,27,28.4,32.5,33.3,33.2,31.1,30.3,30.9,30.8,32.5,28.7,27.8,15.1,17.2,21.2,24.7,26.9,25.7,25.3,25.7,25.4,25.2,22.6,16.8
Kutubdia,25.3,26.7,31.5,32.5,33.6,31.9,30.2,31.3,30.3,32.5,29.3,27.4,13.6,16.9,20.2,24.3,26.9,25.5,25.7,25.5,25.3,24.6,22.2,16
Teknaf,27.8,28.3,32.7,32.4,32.5,30.8,29.8,30.9,31,32.2,29.1,28,14.5,16,20.8,24,26.7,25.8,25.5,25.8,25.4,25.3,22.9,16.9
Sylhet,24.8,26.4,31.5,32.5,32.4,31.6,31.4,31.5,31.8,32,29.4,26.3,12.2,14.6,17.7,21.3,24.1,25.1,25.3,25.3,25.3,23.7,20.1,15
Srimangal,24.7,26.6,32,34.3,34.1,32.4,32.1,32.1,32.3,32,28.9,26.3,8.6,12.2,15.2,21.5,24.5,25,24.8,25.2,25.1,22.9,19.1,11.7
Rajshahi,23.3,26.8,32.4,38.5,37.8,33.5,31.9,32.4,32.1,32.2,28.7,25.9,9.6,12.9,17.3,23.1,26.5,26.5,26.1,26.1,25.8,23.8,18.1,12.5
Ishurdi,23.9,27,33.1,39.1,37,33.4,31.7,31.9,32,32.2,28.8,26,8.8,12.8,17,23.8,25.5,26.5,25.9,26.1,25.8,23.4,18,11.9
Bogra,24,26.4,31,35.7,35.2,32.6,31.4,31.9,32,32.1,29.6,26.4,10.7,14.4,18.3,23.5,25.7,26.6,26.1,26.4,26.1,24.3,19.1,13.5
Rangpur,23,25.9,31,34,34,31.7,30.8,31.7,30.9,31.4,28,24.8,9.6,12.8,16.6,21,25,25.7,25.8,25.7,25.3,22.9,18.1,13.4
Dinajpur,23.6,26.7,31.5,35.8,35.8,32.6,31.3,32,31.3,31.8,28.5,25.2,8.8,11.8,16.8,21.4,25.2,26,25.4,25.5,24.6,22.4,17.2,12.3
Sayedpur,22.8,25.7,30.8,34.8,35,31.6,30.7,31.6,30.7,31.6,28.2,24.8,9.8,12.8,16.6,21.5,25.4,25.9,26,26,25.4,23.3,18.1,13.3
Khulna,24.6,28.4,33.5,36.5,34.9,33.1,32,32.4,32.1,32.8,29.1,27.2,11.3,15.3,19.4,24.7,26.7,26.7,26.2,26,25.6,23.2,19.2,13.5
Mongla,24.5,28.3,33,36.6,34.8,32.4,32,31.8,31.4,31,28,26.6,13.1,16.7,21.6,25.7,27.1,27.1,26.3,26.6,26.1,24.8,20.8,15.7
Satkhira,25.1,28.4,33.5,36.9,36.1,33.5,32.1,32.6,32.1,32.6,29.2,27.3,11.2,16.2,19.9,25.1,27.1,26.6,26,26.1,25.4,23.5,18.6,13.2
Jessore,24.5,27.9,33.4,37.9,36.7,33.7,31.7,32.3,32.3,32.5,29.2,26.6,10.1,14.2,18.4,24.3,26.9,26.7,26.1,26.1,25.8,23.5,18.5,12.3
Chuadanga,23.7,27.7,33.2,39.1,37.6,33.9,32.1,32.7,32.5,32.6,28.8,26.1,9.8,13.7,17.7,23.9,26.9,26.6,25.9,26.2,26,23.8,18.4,12.8
Barisal,24.9,27.7,33,34.1,33.7,31.5,30.9,31.9,31.8,32,29,27.3,10.7,15,19.5,25,26.5,25.9,25.1,25.5,25.1,23.9,19.5,13.2
Patuakhali,25,28,32.7,35.2,33.3,31.8,31,31.9,31.5,32,28.5,27,12.5,16,20.2,24.6,26.6,26.3,25.9,26.1,25.9,24.8,21,14.5
Khepupara,25.4,27.9,33.1,34.6,33,31.5,30.6,31.1,30.6,31.3,28.4,27.1,13,16.7,21.1,25.9,27.4,26.8,26.1,26.3,25.9,24.9,21.1,15.1
Bhola,25.2,27.8,32.8,34.1,33,31.5,30.6,31.6,31.3,32.2,29.2,27.5,11.4,15.6,19.8,24.7,26.7,26.4,26,26.3,26,24.7,20.6,14.1
,,,,,,Monthly Temperature (°C) in 1996,,,,,,,,,,,,,,,,,,
1996,,,,Monthly Maximum Temperature in °C,,,,,,,,,,,,Monthly Minimum Temperature in °C,,,,,,,,
Stations,Jan,Feb,Mar,Apr,May,Jun,Jul,Aug,Sep,Oct,Nov,Dec,Jan,Feb,Mar,Apr,May,Jun,Jul,Aug,Sep,Oct,Nov,Dec
Dhaka,25.8,29.7,34.4,34.9,34.6,32.5,32.8,31.8,33.8,32.3,30.3,27.3,12.1,15.2,22.2,24,25.7,25.4,26.7,26.2,26.2,22.9,18.2,14
Mymensingh,24.3,27.5,32.1,33.6,32.7,31.6,31.3,31.6,32.9,31.7,29.6,27.2,12,14.9,19.9,22.8,24.4,25.2,26.3,26.2,25.9,22.8,18.3,13.3
Tangail,24.4,27.8,32.6,34.5,33.9,32.1,32.2,31.4,32.9,31.6,29.4,26.6,11.6,14.3,20,22.7,24.7,25,26.2,25.9,26,22.8,18,13.2
Faridpur,24.7,28.4,33.4,35.5,34.8,32,31.7,30.9,32.7,31.2,29.5,26.5,12.7,15.4,21.4,23.1,25.2,25.5,26,25.7,26.4,23.6,19,14.2
Madaripur,25.3,28.9,33.5,34.6,34.5,32.4,32.2,31.4,33.1,32,29.8,26.8,12.7,15.4,21.6,23,25.3,25.5,26.3,26.3,26.4,23.8,19.2,14
Chittagong,26.2,28.9,30.6,32.2,33.4,32.6,32,30.8,32.4,32.1,30.8,28.5,14.1,16.3,22.2,24,25.4,25.4,25.7,25.4,25.7,24,20.5,16.9
Sandwip,25.3,27.6,29.9,31.3,31.9,31,30.4,29.6,31.6,31.1,29.6,26.8,15.4,17.6,23.8,25.4,26.3,26.3,26.7,25.6,26.4,24.4,20.9,15.6
Sitakunda,26.4,29.3,31,32,32.6,31.7,30.9,29.9,32.3,31.8,30.3,28,11.6,14.3,21.9,23.8,25.3,25.8,25.9,25.1,25.5,22.9,18.7,14.1
Rangamati,25.3,29,32.1,32.9,33,32.3,31.6,30.7,32.2,31.3,29.4,27.1,12.5,14.7,20.5,22.7,24.1,24.3,24.9,24.5,24.6,22.5,19.2,15.3
Comilla,25.2,28.4,31.5,32.6,33.5,32.1,31.6,31,32.8,31.4,29.9,27.4,11.8,14.9,21.3,23.4,24.3,25.1,25.7,25.2,25.4,22.3,17.5,13.8
Chandpur,24.9,28.2,32.7,33.3,33.8,32.4,31.9,31,32.6,31.6,29.5,26.5,14.3,16.5,22.5,23.9,25.7,25.5,26.2,25.8,26.2,23.9,19.8,16.1
M_Court,25.1,28.1,31.7,33,33.4,31.9,31.2,29.9,32.2,31.7,29.9,27.1,14.6,16.4,22.4,23.7,25.3,25.6,26,25.7,26.4,24.3,20.5,16.4
Feni,26.3,29,31.8,32.5,33.2,31.8,31.5,30.6,32.5,31.3,29.8,27.6,12.9,15.5,22.3,23.5,24.7,25.2,25.7,25.3,25.7,23,18.6,15.1
Hatiya,25.5,28.1,30.8,32.1,32.6,31.3,30.8,29.6,31.7,31.5,29.8,27.1,15,17,23.4,24.7,26,25.9,26.3,25.5,26.2,24.4,20.7,15.9
Cox's_Bazar,27,29.1,30.7,32.7,32.9,31.3,31.2,30,31.5,31.5,30.6,28.8,15.8,17.7,22.5,24.1,25.3,25.1,25.5,24.9,25,24.5,20.8,17.5
Kutubdia,26.4,28.7,31,32,33.2,31.5,30.8,29.9,31.5,31.7,30.2,28.4,14.9,16.2,22.4,23.7,25.3,23.9,24.3,24.5,25,23.6,20.6,16.9
Teknaf,27.2,29.4,30.2,31.9,32.3,31.2,30.4,29.9,31.1,31.5,30.6,29.1,15.6,16.8,22,23.9,26,25.6,25.6,25,25.4,24.5,21.1,17.5
Sylhet,25.2,28.5,30.8,32,31.2,31.5,30.9,31.4,33,31.3,29.6,27.8,12.8,14.7,19.9,22,22.8,24.3,25.1,25.1,25.3,22.6,18.8,14.8
Srimangal,25.2,28.7,32.6,33.4,33,32.5,32.1,32.1,33.2,32.1,30,27.6,9.3,12,19.3,21.8,23.2,24.1,25.2,25.1,24.8,21.4,16.4,11.6
Rajshahi,24.4,28,34.2,37,36.7,32.9,32.9,32.5,33.3,31.1,29.4,26.1,11,13.2,19.4,22.5,25.3,25.1,26.3,26,26.1,22.8,16.8,12
Ishurdi,24.5,28,34,36.7,36,32.8,32.7,31.9,33,31.2,29.7,26.4,10.4,13,19.8,22.7,25.5,25.2,26.3,25.7,25.8,22.6,16.8,11.8
Bogra,24.6,27.7,32.2,34.6,34.6,32.2,32.3,32.2,33,31.7,30.3,27.2,12.2,15,20.2,23,24.6,25.6,26.5,26.3,26.2,23,17.7,13.2
Rangpur,23,27.2,31.3,34.2,32.3,31.5,31.6,32.1,32.1,30.6,29,26,11.1,13.5,18,21.4,23.1,24.7,26,26.1,25.5,22.2,17.2,12.5
Dinajpur,22.8,27.2,32.2,35.3,34.1,31.8,32,32.2,32.4,30.9,29.2,26.3,10.7,13.4,18.1,20.5,23.4,25,26.3,26.4,25.7,22.1,15.9,11.1
Sayedpur,22.7,26.8,31.6,34.7,32.2,31.5,31.4,31.9,32.2,30.5,28.9,26,11.5,14.4,18.9,21.5,23.3,25,26.2,26.2,25.8,22.6,17.1,12.4
Khulna,26,29.5,34.5,35.1,35.6,32.9,32.8,31,33.4,32.1,30.2,27,12.6,13.9,22.2,23.6,25.7,25.5,26.2,25.7,26.1,23.2,18.6,13
Mongla,25.4,28.8,33.6,34.5,35.4,32.1,32,30.4,32.7,31.3,29.5,26.3,14.8,16.8,23.4,24.8,26.3,25.8,26.4,25.9,26.4,24.2,20,15.7
Satkhira,25.8,29.1,33.9,34.2,36,33.3,32.6,31.3,33.3,32,30.4,26.9,12.6,15.1,22.6,24,26,25.4,26.2,25.7,25.6,22.4,17.3,12.3
Jessore,25.2,28.5,34.2,36,36,32.9,32.5,31.7,33.7,32.2,30.6,26.9,11.5,14.2,21.1,22.8,25.2,25.2,26.1,25.7,25.5,22.3,17,12.1
Chuadanga,24.7,28.4,34.3,36.1,37,32.8,32.8,32,33.4,32,29.9,26.1,11.3,13.8,20.7,23,25.7,25.6,26.3,25.7,26.1,22.7,17.1,12
Barisal,25.8,29.2,33.1,34.1,34.3,32.1,32,30.5,33,32.3,30.3,27.1,12.4,15,22.3,23.5,25.3,25.2,25.7,25.3,25.3,23,18.3,13.4
Patuakhali,25.7,28.9,32.6,33.9,33.9,31.6,31.7,30.2,32.5,31.7,29.4,26.5,13.6,15.9,22.7,23.5,25.8,25.5,26,25.5,25.9,23.7,19.3,14.8
Khepupara,26,29,31.6,33.2,33.1,31.3,31.1,29.7,31.7,31.3,29.3,26.7,14.3,16.8,23.7,24.6,26.4,25.9,26.3,25.4,25.9,24.3,19.9,15.6
Bhola,26,29.1,32.4,33.1,33.3,31.7,31.4,30.1,32.3,32.1,30.2,27.5,13,15.5,22.6,23.9,25.8,25.5,26.2,25.5,25.9,23.7,19.7,14.6
,,,,,,Monthly Temperature (°C) in 1997,,,,,,,,,,,,,,,,,,
1997,,,,Monthly Maximum Temperature in °C,,,,,,,,,,,,Monthly Minimum Temperature in °C,,,,,,,,
Stations,Jan,Feb,Mar,Apr,May,Jun,Jul,Aug,Sep,Oct,Nov,Dec,Jan,Feb,Mar,Apr,May,Jun,Jul,Aug,Sep,Oct,Nov,Dec
Dhaka,25.1,27.8,33.1,31.1,33.7,33.3,31.7,32.7,31.5,32.1,30.4,25,11.5,14.5,21.1,21.1,24.6,25.8,26.4,26.6,25.5,22.2,18.9,14.5
Mymensingh,24.4,25.8,31.6,29.4,32.1,31.6,30.7,31.7,30.6,31.4,29.6,23.9,10.6,13.6,19.5,20.2,23.4,24.9,26.1,26.4,24.7,21.7,18.1,13.7
Tangail,24.2,26.2,32,30.1,33.2,33.2,31.5,32.2,31.2,31.5,29.7,23.7,10.4,13,19.3,20.2,23.8,24.9,26.1,26,25.1,21.8,18.5,13.8
Faridpur,24.4,27,32.4,31.4,33.8,33,31.5,32,31.3,31.3,29.6,23.7,11.5,14.2,20.2,21,24.2,24.8,25.7,26.1,25.4,22.7,19.8,14.6
Madaripur,24.9,27.6,32.3,31.4,33.8,33.5,32,32.5,32,32.1,30.3,24.4,11.4,14.5,20.8,21.1,24.7,25.7,26.2,26.4,25.6,22.9,19.8,14.7
Chittagong,26,27.5,30.3,30.5,32.5,32.3,31.1,32.5,31.9,32.3,31.3,26.5,13.3,15.6,20.8,22.2,25.1,25.4,25.6,26.4,25.3,23.2,20.4,15.1
Sandwip,24.8,26,29.4,29.4,31.4,30.8,29.9,31.1,30.6,31,29.8,24.8,14.6,16.6,22.1,22.1,24.9,25.3,24.1,25.6,25.3,23.2,20,14.6
Sitakunda,26.1,27.7,30.9,30.6,32.5,31.5,30.6,32.2,31.3,32.4,31.1,26.6,10.5,12.7,19.9,21,24.3,24.8,25.1,25.4,24.6,22.2,19,13.7
Rangamati,25.2,27.8,31.8,31,33.3,31.8,31.2,32.2,31.5,31.4,29.6,25.4,11.5,13.4,19.1,20.2,23.8,23.7,24.9,25.1,24.1,21.7,18.7,14.3
Comilla,24.8,26.5,30.9,30,33.2,31.9,31.3,32.2,31.4,31.2,30.1,24.8,11.2,14.5,19.9,19.6,23.3,24.3,24.9,25.1,24.4,21.9,18.5,13.4
Chandpur,24.5,26.8,31.5,30.5,33.3,32.9,31.4,32.4,31.5,31.5,29.9,24.3,13,15.3,21.4,21,24.8,25.6,25.9,26.6,25.5,23.6,21.1,15.9
M_Court,25.5,27.2,31.6,31,33.4,32.5,31.1,31.9,31.3,31.3,30.1,24.9,13.1,15.5,21.2,21,24.8,25.9,25.9,26.3,25.8,24,21.3,16
Feni,25.7,27.2,31.8,30.6,33.1,31.7,30.8,31.8,31.3,31.3,30.5,25.4,11.9,14.8,21.3,21,24.5,25.4,25.3,25.5,24.9,22.2,19.5,14.8
Hatiya,25.3,26.9,31.2,30.5,32.5,32.1,30.8,31.6,31.2,31.8,30.5,25.4,13.8,16.3,21.9,21.8,24.8,25.7,25.1,26,25.6,23.5,20.6,15.3
Cox's_Bazar,26.9,28,30.9,31.6,33,31.5,29.8,31.3,31.2,31.9,31.5,27.8,14.8,16.1,21.5,21.8,24.9,24.9,24.9,25.5,24.8,23.7,21.3,17.3
Kutubdia,25.7,27.2,30.2,30.3,33.1,31.1,29.9,31.3,30.6,31.3,30.4,26,14.2,15.7,20.7,21.3,23.3,23,24.6,25.4,25.1,23.4,20.9,16.9
Teknaf,27,27.8,30.3,30.3,32.2,30.4,29.8,30.5,30.8,31.6,30.9,28,15,16.3,21.1,22,24.6,25.8,25.5,26,25.3,23.3,21.5,16.8
Sylhet,29.9,25.8,31.4,30.4,32.1,31,31.8,32.6,30,31.7,29.9,25.6,23.4,13.9,19,19.5,22.4,23.8,25.4,25.5,23.8,21.7,18.9,14.9
Srimangal,24.8,26.5,31.9,30.6,32.4,32.3,31.9,32.6,31.1,31.6,30.3,24.3,8.7,11.3,18,18.7,22.5,23.7,25,25.4,23.7,20.3,16.6,12.5
Rajshahi,24,26.8,32.8,32.3,36.3,34.6,31.8,32.5,31.8,31.4,29.1,23.4,9.8,12.2,18.7,20.4,24.4,25.2,26,26.4,25.2,22,18.7,13.5
Ishurdi,24.3,26.8,32.3,31.6,35.3,34,32,32.6,31.6,31.4,29.4,24.2,9.6,12.4,19.3,20.3,24.4,25.1,25.8,26.4,25.4,22.1,18.5,13.1
Bogra,24.8,26.3,31.4,30.6,34.3,33.9,32,32.6,31.3,32,30.1,24.3,11.2,13.4,19.6,20.7,24.1,25.6,26.4,26.5,25.3,21.9,18.8,14
Rangpur,23.3,24.3,31,29.6,32.9,32.3,32,32.3,30.8,30.9,28.8,23.2,10.3,11.9,17.3,19.8,22.9,24.6,26.1,26.3,24.8,20.5,17.3,12.9
Dinajpur,23.7,25.2,31.7,31,34.6,33.9,32.4,32.8,31.3,31.1,29.1,23.1,9.6,11.4,17.7,20.2,23.3,25.2,26.3,26.4,25.3,20.9,17.3,12.9
Sayedpur,23.3,24.4,31.3,30.1,33.5,32.4,31.6,32,31.1,31.1,29,23.2,10.3,12.2,18.3,20.2,23.4,25.1,26.2,26.6,25.3,21.4,18,12.9
Khulna,25.4,28,33.1,32.1,34.4,33.7,32.1,32.2,32,32.3,31.3,25.4,11,14.7,20.8,21.5,24.3,25.5,25.9,26,25.3,22.7,20,13.8
Mongla,25.1,27.4,32.6,32.1,34.2,33.7,31.4,31.8,31.4,31.4,30.5,25,13.7,17,22.5,22.2,25.1,26,26,26.4,25.5,23.5,21.2,15.6
Satkhira,25.2,27.8,32.8,32.2,34.9,34.2,32.6,32.4,32.1,32.6,31.3,25.4,10.4,15,21.3,20.9,24.5,26,26,26,25.2,21.9,19,13.3
Jessore,25,27.3,33,32.6,36,34.3,32.6,32.8,32.5,33,30.9,25,10.2,14.2,20.6,21.3,24.4,25.3,26.2,26.2,25.3,21.6,18.6,13.3
Chuadanga,24.6,27.4,32.9,32.7,36.1,34.5,32.6,32.9,32.3,31.9,29.9,24.1,9.8,13,19.8,20.9,24.3,25.5,26.2,26.2,25.4,21.8,18.6,13.3
Barisal,25.6,27.5,32.4,31.4,33.4,33.2,31.5,31.9,31.7,32.4,30.8,25.7,10.7,14.6,21.1,20.7,24.2,25.3,25.4,25.8,24.6,22,18.9,13.4
Patuakhali,25.4,27.5,32.1,31.2,33.3,32.7,31.4,31.6,31.8,31.4,30.4,25.2,12.1,15.4,21.3,20.9,24.6,25.5,26.1,26,25.7,23,20.6,14.9
Khepupara,25.4,26.8,31.2,30.7,32.2,32,30.5,31.4,31.3,31.6,30.7,25.9,13,16.5,22.1,21.6,24.9,26.6,26.1,26.3,25.5,23.3,20.9,15.5
Bhola,25.6,27.1,31.8,30.7,32.7,32.2,30.9,31.7,31.3,32.1,31,25.7,11.6,15.3,21.6,21.4,24.7,26,26,26.2,25.4,22.8,19.9,14.6
,,,,,,Monthly Temperature (°C) in 1998,,,,,,,,,,,,,,,,,,
1998,,,,Monthly Maximum Temperature in °C,,,,,,,,,,,,Monthly Minimum Temperature in °C,,,,,,,,
Stations,Jan,Feb,Mar,Apr,May,Jun,Jul,Aug,Sep,Oct,Nov,Dec,Jan,Feb,Mar,Apr,May,Jun,Jul,Aug,Sep,Oct,Nov,Dec
Dhaka,22.8,28.4,30.7,32.7,33.4,34.3,31.7,31.8,32.5,33.1,30.7,28.1,12.7,16.1,18.3,22.9,25.3,28.1,26.4,26.8,26.3,25.4,20.6,14.8
Mymensingh,22.5,27.3,28.8,30.9,32.2,32.7,30.5,30.8,31.6,32.4,30.7,28,11.6,15.2,17.5,22.1,24.8,26.6,26.2,26.2,26.2,25.3,20.2,14.5
Tangail,21.2,27.6,29.7,32.4,32.8,33.9,31.9,31.9,32.8,33.3,30.5,27.1,11.1,14.8,16.7,21.8,24.3,27,26.3,26.6,26.1,25.1,20,14.2
Faridpur,21.4,27.3,29.9,33.3,33.4,33.8,31.7,31.7,32.1,32.6,30,27.1,12.1,15.9,17.6,22.7,24.9,27.2,26,26.6,26.4,25.5,21.3,15.5
Madaripur,22.4,27.9,30.5,32.8,33.6,33.9,31.7,32,32.2,32.7,30.6,27.4,12.3,16.1,18.3,22.9,25.7,27.3,26.5,27,26.5,25.7,21.5,15.5
Chittagong,25.2,27.9,30.2,31.9,33,33.8,31.3,31.2,32.9,33.8,32.6,29,14.1,17.1,19.4,23.4,25.5,26.9,25.8,25.8,25.8,25.4,22.8,16.9
Sandwip,23.5,26.7,29.2,30.5,31.9,31.9,30,29.9,31.3,31.7,30.8,28.3,13.5,16.6,19,22.5,24.1,25.4,24.4,25.5,26,25.7,23.2,18.3
Sitakunda,25.5,28.4,29.6,32.1,32.9,32.8,30.3,30.6,33,33.4,32.3,28.7,12.8,14.8,18,22.7,24.8,26.5,25.4,25.3,25.3,24.4,20.8,14.2
Rangamati,24.4,28.1,30.4,32.2,32.6,33.2,30.2,31.2,32.4,32.9,31.1,28.1,13.2,14.9,17.8,22.1,24.1,25.7,25.2,25.1,24.7,24.3,21.8,15.2
Comilla,22.7,27.4,28.8,31.4,32.4,33,30.4,30.7,32.3,32.6,30.5,27.5,11.7,15.3,17.4,21.4,24.3,26.3,25.2,25.9,25.8,25,20.7,14.5
Chandpur,21.8,27.4,29.6,32.3,32.6,33.6,31,31,32.4,32.6,30.4,27.3,13.7,17.1,19.4,22.9,25.9,27.6,26.1,26.6,26.4,26.8,11.4,16.1
M_Court,23.1,27.8,29.6,32.4,32.8,33.5,30.5,30.7,32.1,32.5,31,27.4,13.9,16.8,18.7,23.2,25.4,27.4,25.9,26,26.2,25.8,22.6,17.5
Feni,23.5,27.9,29.7,31.8,32.5,32.8,30.3,30.1,32.4,32.5,31.3,28.1,13.1,16.1,18.7,22.8,25,26.7,25.5,25.5,26,24.9,21.2,15.5
Hatiya,23.6,27.7,29.8,31.8,32.9,32.6,30.5,30.6,31.8,32.3,31,28.3,13.8,16.8,19.2,23.1,25,26.5,25.2,25.8,26.1,25.7,23.1,17.6
Cox's_Bazar,26.2,28.7,31.8,33.1,33.5,33.2,31.3,31.5,32.9,34.2,33.2,29.8,15.6,18,19.8,24,25.3,26.8,25.7,24.9,25.5,25.6,23.7,17.6
Kutubdia,24.5,27.2,29.5,31.1,32.2,32.7,30.4,30.8,31,33.1,31.5,28,15.6,17.5,20,23.8,26.1,26.6,25.9,25.9,25.7,25.8,23,17.5
Teknaf,26.6,28.7,31.6,32.1,32.8,31.9,30.1,30.4,32.7,33,32.5,29.5,14.6,17.2,20.2,23.5,26,27,25.2,25.8,25.7,25.6,23.4,17.4
Sylhet,23.3,28.3,29.2,30.7,32.2,31.2,30.2,31.1,32.8,32.9,30.8,28.3,12.5,15.4,17.1,21.4,23.7,24.8,25,25.4,25.4,24.6,20.7,15.7
Srimangal,23,28,29.6,32,32.5,33.3,31.3,32.4,33.4,32.9,30.8,28,10.3,12.8,15.2,20.7,23.4,25.3,25.2,25.3,25.2,23.7,18.9,12.2
Rajshahi,21.3,27.6,30.7,34,34.9,35.7,32.8,32.8,32.3,32.6,29.8,26.7,10.4,13.9,16.2,22.1,24.9,27.5,26.5,26.8,26.2,25,20.3,14
Ishurdi,21.2,27.4,29.8,32.5,33.7,35,32.6,32.5,32.2,32.7,29.9,27,10.2,14.5,16.2,22.2,24.3,27.4,26.4,27,26.2,25.3,20.3,13.7
Bogra,21.7,28,29.4,32,33.5,34.3,32,32,32.9,33.1,31.4,28.2,11,15,17.6,22.1,24.9,27,26.5,26.6,26.4,25.1,20.7,14.8
Rangpur,20.7,26.9,28.5,30.9,33.2,32.6,31.3,31.3,32.1,31.5,29.6,26.5,10.3,13.1,15.8,20.9,24.6,26.1,26.3,26.3,25.7,24,19.3,13.9
Dinajpur,20.3,27.2,28.9,31.8,33,33.9,32,31.5,32.1,31.5,29.9,26.7,9.8,13.3,16.3,21,24.5,26.9,26.3,26.5,25.7,24.3,19,13.2
Sayedpur,20.5,27,28.4,31.2,33.2,33,31.6,31.6,32.4,31.9,30,26.8,10.3,13.5,16,20.9,24.5,26.2,26.1,26.4,25.8,24.4,19.6,13.9
Khulna,23.3,28.3,30.6,33.7,34.6,34.1,32.3,31.9,32.7,33.2,30.8,28,12,16.5,19,23.4,26.1,27.6,26.6,26.4,26.2,25.2,21.2,15
Mongla,23.3,28.2,30.4,33.7,34.3,34.1,32.4,31.7,31.9,32.3,30,27.3,13.7,17.7,20.4,24,26.4,27.8,26.7,26.5,26.1,25.8,22.3,16.6
Satkhira,23.4,28.1,30.7,34.1,35.1,34.9,32.7,32.2,32.6,33.1,30.5,27.8,12.1,16.9,18.7,23.9,25.9,27.6,26.4,26.2,25.4,24.6,20,13
Jessore,22.6,28,30.5,33.8,34.8,35.1,32.8,32.9,32.5,34,31.3,27.4,11,15.5,17.4,23.1,25.6,27.4,26.7,26.5,25.7,24.7,20.2,13.3
Chuadanga,21.9,27.8,30.8,34.5,34.9,36,33.3,33.1,32.9,33.3,30.4,27.3,10.6,15.1,16.9,23.4,24.9,27.6,26.4,26.6,26.1,25.2,20.5,13.4
Barisal,23.7,28.2,30.2,32.9,33.7,32.8,30.9,31.1,32.2,32.7,31,28.1,11.8,15.4,17.9,22.5,24.5,25.8,25.1,25.2,25.2,24.8,20.9,14.5
Patuakhali,23.7,27.9,30.4,32.9,33.8,33.1,31.3,31.1,32.4,32.6,30.5,27.7,13.4,16.6,19.1,23,25.8,27.6,26.1,26.1,26.1,25.5,22,16
Khepupara,24.4,27.5,30.4,32.5,33.3,32.8,30.7,30.7,31.7,32.3,30.5,28,13.6,16.8,20,23.8,26.3,27.8,26.3,26,26.1,25.4,22.1,15.7
Bhola,23.6,28.2,30.2,32.1,33.1,33,30.7,30.7,31.8,32.6,31.4,28.5,12.9,16.2,19.1,23.3,25.7,27.2,25.8,26.1,25.9,25.2,21.5,15.3
,,,,,,Monthly Temperature (°C) in 1999,,,,,,,,,,,,,,,,,,
1999,,,,Monthly Maximum Temperature in °C,,,,,,,,,,,,Monthly Minimum Temperature in °C,,,,,,,,
Stations,Jan,Feb,Mar,Apr,May,Jun,Jul,Aug,Sep,Oct,Nov,Dec,Jan,Feb,Mar,Apr,May,Jun,Jul,Aug,Sep,Oct,Nov,Dec
Dhaka,26.9,31.2,34.8,36,32.8,32.5,31.5,31.7,31.6,31.8,30.4,27.1,12.7,16.5,21,26,25.1,26.5,26.2,26.4,25.9,24.5,19,14.9
Mymensingh,26.3,29.9,32.3,33.3,31.1,31.9,30.9,31,30.9,31.2,30.5,27.5,12,16,19,24.5,24.1,26,26.1,26.1,25.9,24,18.5,14.1
Tangail,25.4,29.7,33.6,35.1,32.6,32.8,31.6,31.8,31.3,31.8,29.9,27.3,11.4,15,18.9,25.1,24.2,26.1,25.9,26,25.5,24.2,18.6,14
Faridpur,25.5,30,34.4,35.8,32.9,32.6,31.2,31.4,31,31.3,29.8,26.9,12.6,16,20.2,25.3,24.7,25.8,25.7,25.8,25.7,24.7,19.8,15
Madaripur,26.3,30.2,34.4,35.4,33,32.4,31.9,31.6,31.3,31.8,30.2,27.5,13,16.2,20.8,25.4,25.3,26.2,25.9,26.3,26,25,19.9,15.1
Chittagong,27.5,31.5,32.3,33.8,32.3,32.2,31.9,31,32,32.1,31,28.1,14.5,17.5,21.2,25.4,24.7,25.4,25.2,25.5,25.4,24.9,20.3,16.8
Sandwip,26.6,30.4,31.4,33.3,31.1,30.7,29.9,29.6,30.6,31.2,30.7,27.5,15,18.5,22.7,26,25.1,25.9,25.5,25.6,25.4,25,21,17.2
Sitakunda,27.9,32.1,32.8,34.6,32,31.1,30.8,30.3,31.5,31.7,31.5,28.5,11.4,14.6,20.3,25.2,24.9,25.3,25.1,25.2,25,24.3,18.1,14.5
Rangamati,27.5,32.3,34.5,36.4,32.1,30.8,31.1,30.9,31.7,31.6,29.9,26.4,13,15.9,20.3,24.7,24.6,24.7,24.9,24.7,24.4,23.9,18.9,15.6
Comilla,26.3,29.5,31.9,34.3,32,31.6,31,30.9,31.2,31.3,30.1,27.6,12.7,16.2,20.6,24.7,24.6,25.5,25.6,25.6,25.1,24.4,19,14.4
Chandpur,25.7,29.6,33.2,34.5,32.3,31.9,31.2,31,30.9,31.1,29.9,27,14.6,17.3,21.9,25.4,25.1,25.9,25.7,25.9,25.1,24.6,20.4,16.3
M_Court,26.1,29.9,32.7,34.8,32.3,31.4,30.8,30.6,31,31.1,29.8,26.9,14.4,17.2,21.2,24.7,25,25.6,25.6,25.7,25.6,24.9,21,16.8
Feni,26.8,30.9,32.6,34.2,31.4,30.9,30.5,30.5,31,31,30.4,27.4,13.1,16.2,21.3,25.2,24.7,25.5,25.2,25.4,25.1,24.2,18.7,15.5
Hatiya,26.4,30.2,32,33.6,31.5,30.9,30.1,31.6,30.5,31.1,30.3,27.4,14.6,17.9,22.2,25.6,25.3,25.8,25.6,25.6,25.5,24.9,20.8,16.8
Cox's_Bazar,28.5,32.1,33.3,34.8,32.8,31.7,31.2,30.5,31.6,32.5,31.6,28.7,16.1,19.1,21.9,25.3,25.1,25.6,25.3,25,24.9,24.7,20.6,17.5
Kutubdia,26.2,28.8,30.9,33,31.5,30.8,30.1,29.5,30.6,31.1,30.2,27.6,15.6,18.4,21.4,25.7,25.7,25.9,25.7,25.4,25.3,24.9,20.7,17.8
Teknaf,28.5,31.6,31.8,33.1,31.7,30.8,30.3,29.6,30.7,31.5,30.6,28.6,15.3,17.8,20.9,25.4,25.4,25.9,25.5,25.4,25.1,25,20.6,17.9
Sylhet,27.4,31.9,33.2,33.2,31.3,32.1,32,32,32,31.2,30.3,27.7,13.6,16.5,19.2,23.2,23.3,25.2,25.4,25.4,25,23.9,19.3,15.4
Srimangal,27.1,30.8,33.8,35.9,32.2,32.2,32.3,32.3,32.3,31.9,30.7,28.1,9.8,12.5,17.6,23.9,23.3,24.9,25.1,25.1,24.4,23.2,16.9,11.9
Rajshahi,24.9,30,35.2,37.8,34.6,34.3,32.2,32.1,31.3,31.6,29.7,26.6,11.2,14.1,17.8,25.7,24.9,26.3,25.9,26,25.6,24.3,18.2,14.1
Ishurdi,25.2,29.9,34.8,37.1,34.1,33.4,31.8,31.8,31.4,31.6,29.8,27,10.9,14.6,18.6,25.8,24.8,26.2,25.9,26.1,25.6,24.2,18.5,13.6
Bogra,25.5,29.7,32.7,34.6,32.2,33,31.8,31.9,31.3,31.9,30.9,27.8,11.9,15.8,19.3,25.1,24.4,26.5,26.3,26.3,25.7,24.4,19.1,14.6
Rangpur,24.5,29,32.1,32.3,31.2,32.3,31.5,30.8,31.2,30.6,29.5,26.3,11.2,15,17.2,23,23.9,26,26.2,25.7,25.2,23.5,18.2,14.1
Dinajpur,23.9,29.3,32.9,33.6,31.9,33.1,31.8,31.2,31,30.9,29.6,26.5,10.5,14.9,17.8,23.4,23.8,26.2,26.2,25.8,25.2,23.4,17.6,13.3
Sayedpur,24.5,29.7,32.9,33.1,31.7,32.8,31.8,31.3,31.5,31.2,30.1,26.7,11,15.4,17.5,23.2,23.7,25.9,25.9,25.8,25.3,23.5,17.9,13.8
Khulna,26.5,30.4,34.8,35.5,34,32.9,31.7,32.1,32,31.8,30.8,28.4,12.5,15.8,21.1,25.9,25.4,26,25.8,26.1,25.8,24.6,19.2,14.6
Mongla,26.2,30.4,34.4,35.9,33.8,32.4,31.6,31.2,30.8,30.8,29.7,27.4,14.1,17.9,22.6,26.2,25.8,26.4,26,26.1,25.8,24.9,20.3,16.5
Satkhira,26.1,30.5,34.5,36.2,34.3,33.3,32,31.8,31.3,31.7,30.3,27.9,11.1,15.3,20.4,25,24.5,25.2,24.5,24.6,24.2,22.9,16.6,12.3
Jessore,26.3,31,35.2,37.1,35.5,34,32.5,32.8,32.3,32.4,30.8,28,11.2,15.2,19.9,25.1,25.5,26.1,25.8,25.9,25.5,24.2,17.8,13.7
Chuadanga,25.2,30.3,35.2,37.3,35.2,34,32.6,32.6,31.7,32,30.5,27.4,10.9,14.8,19.2,25.5,25.6,25.9,26.1,26,25.6,24.6,18.2,13.7
Barisal,26.5,30.3,34.2,35.1,32.9,32.2,30.9,30.8,31.1,31.6,30.7,27.9,12.1,15.1,20.5,24.9,25,25.4,25.1,25.4,25.2,24.1,18.8,13.9
Patuakhali,26.2,30.5,34,35.1,32.4,31.4,30.5,30.7,30.9,31.6,30,27.4,13.6,16.9,21.6,25.1,25.5,25.9,25.8,25.8,25.6,24.8,19.8,15.6
Khepupara,26.4,30.8,33.3,33.8,32.1,31.3,30.6,30.6,30.3,31,29.9,27.7,13.4,16.9,22.1,26,25.6,26.1,25.9,25.6,25.3,24.6,19.7,15.9
Bhola,26.8,30.5,33.4,33.8,31.6,31.2,30.3,30.2,30.5,30.9,30.4,27.7,12.6,16.1,21.5,25.5,25.3,25.9,25.5,25.6,25.4,24.6,19.3,14.9
,,,,,,Monthly Temperature (°C) in 2000,,,,,,,,,,,,,,,,,,
2000,,,,Monthly Maximum Temperature in °C,,,,,,,,,,,,Monthly Minimum Temperature in °C,,,,,,,,
Stations,Jan,Feb,Mar,Apr,May,Jun,Jul,Aug,Sep,Oct,Nov,Dec,Jan,Feb,Mar,Apr,May,Jun,Jul,Aug,Sep,Oct,Nov,Dec
Dhaka,24.6,25.5,30.9,32.8,32.3,32.5,31.8,32.1,32,31.1,29.6,26.4,14,16.2,20.7,23.5,24.1,25.5,26.5,26.4,25.8,24.4,20.2,15.1
Mymensingh,24.2,25.1,29.9,31.1,31.3,31.9,31.7,31.6,30.5,31.6,29.6,26.7,11.9,13.8,18.6,21.7,24,25.9,26.5,26.2,25.2,23.9,19.1,13.3
Tangail,24,25.4,30.6,32.7,32.4,32.9,32,32.5,31.7,31.9,30,26.6,11.5,13.5,18.2,22.7,24,25.7,26.4,26.3,25.1,23.9,18.9,12.8
Faridpur,24.8,25.6,31.5,33.6,33,32.6,31.9,32.3,32,31.6,30.3,26.5,12.3,15,19.3,23.5,24.4,26.2,26.1,26.3,25.7,24.5,19.9,14
Madaripur,25.8,26.4,31.9,33.6,33.2,32.6,32.1,32.4,32.5,32.7,30.8,27.3,13.2,15.6,20.1,23.7,24.6,26.2,26.4,26.7,25.9,24.4,19.7,13.7
Chittagong,26.9,28,30.9,32.6,32.1,32.1,31.9,32,32.3,31.8,30.8,27.9,14.3,16.2,20.7,22.7,23.7,24.7,24.6,24.5,24.4,23.6,19.1,14.3
Sandwip,25.5,26.8,29.7,32.2,31.3,30.8,30.7,31,31.5,31.6,30.5,27.5,15.1,16.8,21.7,24.3,24.2,25.7,25.9,24.8,24.7,24.1,19,13.9
Sitakunda,27.2,27.9,31.2,32.4,31.9,31.8,31.1,31.2,31.9,32.3,31.4,28.5,12.3,14.2,19.6,23.1,23.8,25.2,25.2,24.9,24.9,23.9,18.3,12.8
Rangamati,25.9,26.9,30.5,33,31.5,31.5,31.6,31.5,32,31.7,30,26.9,12.6,14.4,19.3,22.4,23.3,24.7,24.8,24.6,24.7,23.8,19.1,14.2
Comilla,25.5,26,30.1,32.2,31.9,32.1,32.1,32,32.2,31.8,30.1,27.2,12.6,15.3,19.9,23,24.1,25.6,25.8,25.7,25.3,23.9,18,11.9
Chandpur,24.8,25.8,31.1,32.8,32.4,32.1,31.8,31.9,32.1,31.3,29.8,26.3,14,15.9,20.5,23.6,24.4,25.9,26.3,26.3,25.8,24.8,20.2,14.9
M_Court,25.5,26.5,30.8,33.3,32.2,31.8,31.4,31.7,32,31.8,30,26.6,14.5,15.9,20.8,23.2,24.4,25.7,25.9,26,25.7,24.9,20.5,15.4
Feni,26,26.7,30.2,31.8,31.4,31.8,31.4,31.3,31.5,31.5,30.1,27.1,13.1,15.4,21,23.3,24.2,25.5,25.6,25.4,25.2,24.2,18.7,13.8
Hatiya,25,27.4,30,31.6,31.2,30.5,30.1,30.4,30.8,30.7,29.4,26.3,14.2,16.2,20.9,23.8,24,25.4,25.6,25.7,24.6,24.4,19.3,14.3
Cox's_Bazar,25,27.4,30,31.6,31.2,30.5,30.1,30.4,30.8,30.7,29.4,26.3,14.2,16.2,20.9,23.8,24,25.4,25.6,25.7,24.6,24.4,19.3,14.3
Kutubdia,27.8,29.1,31.1,33.4,32.1,31.9,31.1,31.4,31.9,32.5,31.7,28.9,15.8,17.6,21.2,24,23.7,25.1,24.4,25.1,25,24.6,20.5,16.2
Teknaf,26.2,27.5,29.8,32,31,30.9,30.2,30.7,31.2,31.3,30.9,27.9,15.4,16.8,20.8,24,24.5,25.4,25.3,25.1,25.2,24.7,20.1,15.3
Sylhet,24.9,25.5,28.7,30.3,30.2,31.2,32.4,31.2,30.9,31.7,29.4,27,13.2,14,18.3,20.8,23.4,24.8,25.4,24.8,24.5,23.5,18.9,14.8
Srimangal,25.4,26,30,32.3,30.9,32.1,32.9,32.2,31.7,31.5,29.5,27.3,9.7,12.1,17.6,21.5,22.6,24.8,25.2,24.9,24.6,22.6,16.8,11
Rajshahi,24.1,25.2,32,34.6,33.3,33.6,32.7,33.3,31.2,32.1,30.2,26.1,10.7,12.9,17.6,23.1,24.3,25.9,26.6,26.4,25.3,24,18.3,12.7
Ishurdi,24.3,25,31.9,34.2,33.4,33.2,32.5,33.2,31.4,31.8,30.3,26.2,10.8,13.4,17.9,23.4,24.4,25.8,26.4,26.4,25.4,23.8,18.6,12.6
Bogra,24.6,25.2,30,31.9,32.2,32.9,32.5,32.5,31.1,32.2,30.5,27.1,12.1,13.5,18.5,22.7,24.2,26.2,26.6,26.6,25.2,24.1,19.6,14
Rangpur,23.5,24.9,29.3,31,31.2,32.2,32.3,32.4,30.9,31.6,28.4,25.8,11.1,12,16.7,21.4,23.6,25.6,26.3,26.2,24.8,23,18.2,12.2
Dinajpur,23,24.5,29.7,31.9,31.7,32.6,32.7,33,31.1,32.1,29.2,26.3,10.8,12,16.6,21,23.7,25.9,26.4,26.5,25.1,22.9,17.6,11.5
Sayedpur,23.6,25.2,29.9,31.8,31.7,32.5,32.7,33.3,31.6,32.1,28.9,26,10.8,11.8,16.9,20.9,23.7,25.8,26.4,26.2,24.9,22.8,17.8,11.9
Khulna,26.7,27.4,32.9,34.5,34.6,33.3,32.3,33.1,32.7,32.6,31.2,27.4,12.3,15.2,19.9,23.8,24.6,25.5,25.4,25.7,24.8,24.7,20.3,13.4
Mongla,26.2,27.2,32.5,34.5,33.7,32.6,31.6,32.4,32.1,31.7,30.2,27,14.4,17.2,22,24.7,25.7,26.4,26.1,26.7,25.7,25,20.8,15.2
Satkhira,26.4,26.7,32.6,34.5,34.4,33.2,32.3,32.9,32.3,32.1,30.5,26.6,10.4,14.1,18.6,22.9,24.8,26.3,26.1,26.4,25.5,24.8,19.4,12.8
Jessore,26.1,26.9,33.3,35.7,35.1,33.9,33,33.5,32.6,32.6,31.3,27.3,11.2,14.7,19,23.8,24.9,25.7,26,26,25.2,23.9,18.3,11.6
Chuadanga,25.4,26,32.8,35.3,34.5,34,33.2,33.7,32.3,32.3,30.9,26.6,11.2,14.5,18.9,24,24.7,26.1,26.1,26.5,25.5,24.5,18.8,12.6
Barisal,26.4,26.9,32.2,33.6,33.1,31.9,31.5,31.8,31.9,31.6,30.2,27.3,12.4,14.3,19.8,23.2,24.3,25,25.2,25.7,24.8,24.1,19.2,12.9
Patuakhali,26.2,27,32.3,33.6,33.4,32.2,31.6,32.1,32.2,32.1,30.3,27.2,13.9,15.9,20.9,23.8,25.4,26,26,26.3,25.6,24.6,20,14.3
Khepupara,26.3,27,31.5,32.5,32.2,31.3,30.6,31,31.6,31.6,30.3,27.3,14.1,16.2,21.5,24.7,25.6,26,26,26.1,25.8,24.7,20.2,14.7
Bhola,26,26.7,31,32.4,32.1,31.2,30.8,31.4,31.6,31.9,30.3,27.3,13.1,15.4,20.9,24,24.8,25.7,25.9,26,25.7,24.6,19.4,13.6
,,,,,,Monthly Temperature (°C) in 2001,,,,,,,,,,,,,,,,,,
2001,,,,Monthly Maximum Temperature in °C,,,,,,,,,,,,Monthly Minimum Temperature in °C,,,,,,,,
Stations,Jan,Feb,Mar,Apr,May,Jun,Jul,Aug,Sep,Oct,Nov,Dec,Jan,Feb,Mar,Apr,May,Jun,Jul,Aug,Sep,Oct,Nov,Dec
Dhaka,24.4,28.7,32.7,34.4,32,31,31.7,32.4,31.9,31.6,28.9,25.9,13,16.9,20.7,24.7,24.2,25.5,25.9,25.2,24.3,22.8,19.3,14.9
Mymensingh,24.4,27.3,31.1,32.6,31.4,31.2,31.7,32.7,32.1,31.6,29.4,26.5,10.6,15,18.3,22.4,23.5,25.7,26.4,26.6,26.1,24.4,19.7,13
Tangail,24,28.2,32.4,34,32.1,31.9,32.4,33,32.2,32.1,29.5,25.6,10,14.1,17.8,23.1,23.3,25.4,26.2,26.6,25.9,24,19.6,13.1
Faridpur,24.4,28.8,33.1,35.1,32.5,31.3,31.8,32.7,32.4,32.2,29.4,25.8,10.9,15.2,19.2,23.7,24.1,25.6,26.2,26.8,26,24.7,20.8,13.8
Madaripur,25.5,29.4,32.8,34.7,33.2,31.3,31.4,32.7,32.3,32.5,29.8,26.6,11,15.6,19.7,24,24,25.7,26.3,26.8,26,24.8,21,14.2
Chittagong,26.6,29.7,33,33.8,31.7,30.4,30.9,31.9,32.1,32.1,30.2,28.6,11.6,15.1,17.9,24.9,24.6,25.2,25.2,25.7,25.3,24.8,21.4,15.4
Sandwip,23.3,26,31.3,32.6,32.7,32,33.4,34.7,32.9,32.6,29.5,25.3,12.1,16.2,21.9,24.9,25.2,25,24.8,23.2,21.3,23.1,20,14.3
Sitakunda,27.5,30.5,33.4,34.8,32.2,30.5,30.9,32.6,32.7,33.1,30.5,28.5,10.1,14.6,18.5,23.6,24,25,25.2,25.4,25,24.1,20.1,13
Rangamati,26.3,30.2,34.1,35.7,32.5,31.4,32,33,33,32.2,29.5,27.1,11.2,15.1,18.4,23.3,23.6,24.7,24.9,25.4,24.7,24.1,20.9,14.9
Comilla,25.1,28.7,31.8,33.8,31.6,30.9,32,33,32.5,32.3,29.2,26.4,10.9,15.9,19.2,23,23.9,25.3,25.6,26.1,25.5,24.2,19.8,12.9
Chandpur,24.4,28.8,32.2,33.9,31.8,31.1,31.8,32.5,31.9,31.9,29,25.6,12.6,16.3,20.3,24.2,24.2,25.5,25.8,26.3,25.7,24.9,21.2,15
M_Court,25.3,29,32.1,34.5,32.1,30.3,31.2,32.4,31.8,31.9,29.1,25.9,12.8,16.5,20,23.9,24.6,25.4,26,26.2,25.8,25.1,21.9,16
Feni,25.6,29.2,32.6,34.1,31.7,30,30.8,32.2,32,31.7,29.4,26.9,11.4,16.6,19.9,24,24.1,25.3,25.4,25.9,25.4,24.2,20.3,14
Hatiya,25.3,28.4,32.1,33.4,31.5,29.4,29.7,30.7,30.9,31,28.6,27.2,11.9,16.7,19.8,24.3,24.2,25.1,25.3,26.2,25.4,24.6,21.1,15
Cox's_Bazar,25.3,28.4,32.1,33.4,31.5,29.4,29.7,30.7,30.9,31,28.6,27.2,11.9,16.7,19.8,24.3,24.2,25.1,25.3,26.2,25.4,24.6,21.1,15
Kutubdia,27.6,30.4,33.6,34.8,32.9,30.5,31.2,32.2,32.4,32.6,30.4,28.2,14.2,17.4,21,24.3,24,23.9,25.3,25.7,25.3,25.1,22,16.7
Teknaf,26.1,27.9,31.1,32.8,31.3,29.9,30.2,31.3,31.7,30.9,29.4,26.7,13.4,16.8,20.5,24.6,24.5,24.9,25.2,25.6,25.2,25.3,21.6,15.9
Sylhet,25.2,27.7,31.2,32.2,31.5,31.9,32.7,33.2,32.7,31.3,29.2,27,12.2,15.1,19,21.9,23.6,25.2,25.6,25.7,25.4,23.7,19.6,14.4
Srimangal,25.3,28.9,32.2,33.6,31.2,31.8,32.7,33.7,33.2,31.7,29.1,26.7,8.2,12.2,16.1,20.9,22.7,24.5,25.3,25.3,24.7,22.9,18,11.4
Rajshahi,24.2,28.6,33.6,37,33,32.5,32.7,33.5,33.2,31.9,29.7,25,9.4,12.9,17.5,22.9,23.8,25.6,26.4,26.6,26.1,24,19.2,12.9
Ishurdi,24,28.5,33.3,35.8,32.9,32,32.5,33.2,32.6,32,29.7,25.3,9.6,13.4,17.9,23.3,23.4,25.9,26.3,26.6,25.8,24.2,19.4,12.2
Bogra,24.1,27.8,31.9,34,32.3,32.2,32.7,33.2,32.4,31.8,29.8,25.9,10.7,14.5,18.5,23.2,23.8,25.8,26.7,27,26.1,24.1,19.9,13.6
Rangpur,23.7,26.9,31.4,32.6,31.5,32.1,32.8,33.2,31.9,30.4,28.9,25.1,9.8,13.4,16.8,21.6,23.1,25.4,26.4,26.4,25.7,23.3,19.3,13.3
Dinajpur,23.4,27,32.2,34.8,32.8,32.9,33.6,33.9,32.3,31.3,29.6,24.5,9.7,12.7,17.2,21.3,23.3,25.4,26.5,26.7,25.6,23.4,18.6,12.6
Sayedpur,23.7,27.8,32.2,33.5,32.3,32.6,33.2,33.5,32.4,30.8,29.2,25.2,9.8,13.1,16.8,21,23,25.3,26.1,26.5,25.2,22.9,18.5,12.6
Khulna,25.8,29.9,33.2,35.2,34.4,31.5,31.6,33.1,32.9,32.9,30.2,26.9,11,15.9,20.2,24.6,24.7,25.9,26.3,27.1,26.4,25.1,21.4,13.9
Mongla,25.4,29.8,33.6,35.6,33.5,31.1,31.3,32.4,32.6,31.9,29.3,27,13.1,17.7,21.6,25.5,25.3,26,26.3,27.1,26,25.1,21.7,15.3
Satkhira,25,29.3,32.5,35.1,34.4,31.5,31.7,32.7,32.7,32,29.7,26.6,10.4,15.5,19.7,24,24.7,26,26.4,26.8,26,24.6,20.7,12.8
Jessore,25.9,30.2,33.5,35.6,34.5,32.2,32.4,33.7,33.8,33.4,30.8,27.3,9.5,14.1,19.5,23.5,24.2,25.7,26.3,26.4,25.6,23.9,19.4,12.1
Chuadanga,24.6,29.2,33.7,36.2,34.1,33,33,33.8,33.3,32.8,30.3,25.7,9.6,14.4,18.5,23.5,24.1,26,26.4,26.5,25.9,24.4,19.5,12.2
Barisal,25.7,29.5,33.1,34.6,32.8,30.6,31.3,32.2,31.8,31.9,29.7,27,10.1,14.9,19,23.6,23.7,25,25.3,26,25.2,24,20.5,13.3
Patuakhali,25.9,30,33.7,35.1,33.5,30.2,31.3,32.8,32.1,32.1,29.4,27.1,11.7,16.3,20.3,24.4,24.6,25.6,26.1,26.8,25.8,24.7,21.1,14.6
Khepupara,25.8,29.6,32.9,34.2,32.4,30,30.4,31.5,31.4,31.5,29.3,27.3,12.1,17,21.3,25.4,25,25.7,25.9,26.8,25.6,25,21.4,14.9
Bhola,25.8,29.3,32.5,34,31.9,29.9,30.7,31.8,30.9,31.2,28.6,26.1,10.7,16.1,20,24.6,24.2,25.5,26,26.6,25.6,24.5,20.7,14.1
,,,,,,Monthly Temperature (°C) in 2002,,,,,,,,,,,,,,,,,,
2002,,,,Monthly Maximum Temperature in °C,,,,,,,,,,,,Monthly Minimum Temperature in °C,,,,,,,,
Stations,Jan,Feb,Mar,Apr,May,Jun,Jul,Aug,Sep,Oct,Nov,Dec,Jan,Feb,Mar,Apr,May,Jun,Jul,Aug,Sep,Oct,Nov,Dec
Dhaka,25.4,28.6,31.8,32.1,32.1,31.7,31.6,31.5,32.4,31.4,28.9,26.1,14.6,16.7,20.3,22.4,23.9,25.8,25.2,25.3,25.3,23,19.8,16
Mymensingh,25.4,27.7,30,29.9,30.3,30.7,30.3,31.5,32.2,31.3,29,25.3,12.8,15,18.7,21.6,23.3,25.5,25.8,26.3,25.9,22.9,18.5,14.4
Tangail,25.4,28.3,31.6,32,32.1,32.3,31.4,32,32.9,32,29.4,25.5,12.5,13.9,18.4,22.1,23.8,25.6,25.8,26.1,25.7,22.9,18.5,14
Faridpur,25.2,28.6,32.4,32.8,32.6,32.1,32.3,31.5,32.6,31.9,29.2,26.2,13.7,15.1,19.6,23,24.4,25.8,26,26.1,25.8,23.9,19.8,15
Madaripur,25.8,29.4,32.7,32.5,33.1,32.6,32.9,31.9,32.9,32.4,30,27.4,13.9,15.3,20.2,23.2,24.6,25.7,26,26.4,25.7,23.6,19.6,15.3
Chittagong,28.1,31.4,33.3,31.7,31.5,31.6,30.2,31.3,32.4,32.7,30.3,28,15.6,16.9,20.6,23.3,24.2,25.6,25.5,25.3,25.3,24,21.1,16.2
Sandwip,27.1,30.3,32.6,31.4,31.4,31.2,30.5,31.1,32.1,31.9,29.9,27.5,14.1,14.8,19.4,22.9,24.1,25.3,25.7,25.2,25.3,23.5,20.3,15.3
Sitakunda,27.9,31.2,33.6,31.8,31.6,31.5,30.7,31.8,32.7,32.4,30.4,28,13.1,13.7,18.1,22.3,23.5,25.2,25.5,25.3,25.2,22.9,19.7,14.2
Rangamati,27,30.7,33.8,32.8,32.2,32.5,31.2,32.1,33.1,32.1,29.3,27.2,13.9,14.3,18.2,22.3,23.1,24.8,25.2,24.7,24.6,22.7,20,15.2
Comilla,25.9,28.5,31.2,31.7,32.2,32,31.2,32,33.3,31.8,29.2,26.7,13.5,15.2,19,22.2,23.6,25.5,25.6,25.5,25.1,22.9,18.8,14
Chandpur,25.1,28.3,31.9,32,32.7,32,32,31.8,32.4,31.6,29.3,26.3,14.4,16.4,20,23,24.3,25.7,26,25.9,25.8,23.9,20.1,16
M_Court,25.5,28.9,32.1,32.5,31.9,31.9,31.1,31.7,32.6,32.1,29.6,26.5,15.2,16,19.9,22.8,24.2,25.2,25.7,25.8,26,24.4,21.7,17
Feni,26.3,29.6,32,31.2,31.6,31.4,30.4,31.6,32.3,31.6,29.7,26.9,13.9,15.1,19.5,22.7,23.6,25.4,25.5,25.4,25.2,23.3,20,15.4
Hatiya,26.1,29.3,31.5,30.9,31.3,30.8,30.3,30.3,31.5,31.1,29.2,27.1,14.3,14.8,20.1,23.3,24.6,25.4,25.9,24.9,25.2,23.7,20.2,15.6
Cox's_Bazar,26.1,29.3,31.5,30.9,31.3,30.8,30.3,30.3,31.5,31.1,29.2,27.1,16.8,17.5,21.6,23.9,25.1,25.8,25.7,25.5,25.4,24.4,21.7,16.9
Kutubdia,27.9,30.7,33.1,32.7,32.9,32.2,31.2,31.7,32.7,32.1,30.4,28,15.9,17,20.7,23.7,25.2,26,26,25.7,25.8,24.4,21.3,17
Teknaf,26.3,28,31,31.6,31.7,31.5,30.4,30.9,31.8,31.3,29.1,27.3,16.7,17.3,21.5,23.9,25,25.7,25.7,25.4,25.3,24.2,21.6,16.8
Sylhet,25.7,29.8,31.8,30.1,30.5,31.2,31.1,32.5,33.1,31.8,29.5,26.6,14,15.3,18.4,20.8,22.7,24.8,25.3,25.4,24.9,22.7,19.4,15.4
Srimangal,25.6,29.3,31.7,31.5,30.6,31.6,31.4,32.7,33.4,31.7,29.7,26.9,11.2,11.8,16.2,20.6,21.9,24.3,25,24.5,24.1,21,17.1,12.9
Rajshahi,25,28.7,33.2,33.5,32.9,33.5,33.2,32.6,33.1,31.9,29.1,25.5,12.3,13.3,18.4,22.6,24.2,25.7,26.6,26.2,25.6,22.3,17.8,12.9
Ishurdi,25.2,28.5,32.7,33.1,32.7,32.9,32.6,31.8,32.5,31.9,29.3,25.3,12.1,13.5,18.8,23,24.3,25.6,26.3,26.1,25.7,22.4,18.1,13.3
Bogra,25.4,28.1,31.2,31.2,31.7,32,31.4,32.1,32.7,32.2,30,25.3,13.2,14.8,19.4,22,24.1,25.6,26.1,26.5,25.6,23,19,14.1
Rangpur,23.7,27.4,30.1,29.2,31,30.8,30.5,32.2,31.9,31.5,28.5,24.9,12.5,14.2,17.9,21,23.5,24.9,25.8,26.1,25.4,22.5,18.1,14.1
Dinajpur,24.5,28.1,31.4,30.6,31.6,31.7,31,32.7,32.8,31.9,29.4,25,11.9,13.7,17.9,21.3,23.7,25,25.7,26.2,25.3,22,17.5,13.2
Sayedpur,24.4,27.7,30.7,29.9,31.5,31.5,30.8,32.5,32.6,31.8,29,25,11.8,13.9,17.5,20.7,23.3,24.7,25.6,26.1,25.3,22,17.7,13.3
Khulna,26.3,29.6,33.3,33.7,34.6,32.8,33.3,32.1,32.7,32.7,30.4,27.5,13.7,15.3,20.7,23.9,25.3,25.4,27.1,26.1,25.9,24.1,19.8,15.2
Mongla,26.5,29.7,33.7,33.4,34.7,32.9,33.5,31.7,32.4,31.8,29.5,27,14.9,16.8,21.9,24.2,25.9,26,26.9,26.1,25.7,24,20.6,16.3
Satkhira,25.8,29.3,33.1,33.8,35.3,33,33.6,32,32.4,32.1,29.4,26.9,13.3,15.3,21,24,25.7,26.2,27.2,26.4,25.9,23.1,18.8,14.1
Jessore,26.3,29.9,33.9,34.1,35,33.4,34.1,32.8,33.2,33,30.3,27.4,12.2,14.1,19.5,23.2,25,25.9,26.7,26.1,25.4,22.5,18,13.2
Chuadanga,25,29.1,33.6,33.7,34.1,33.7,33.5,32.4,32.8,32.5,29.4,26.1,12.8,14.1,19.2,23,24.8,26,26.9,26.2,25.7,22.8,18.3,13.5
Barisal,26,29.4,32.9,32.2,32.7,31.9,32.2,31.5,31.8,31.7,29.7,27,13,14.2,19.8,22.8,24.1,25.6,25.9,26,25.5,23.6,19.8,14.7
Patuakhali,26.5,29.6,33.4,32.9,33.1,32.1,32.2,31.4,32.4,31.9,29.3,27.2,14.3,15.7,20.7,23.3,24.7,25.8,26.1,25.8,25.5,23.7,20.3,15.2
Khepupara,26.5,29.7,32.8,31.8,32.5,31.7,31.9,30.7,31.6,31.6,29.7,27.6,14.8,16.1,21.7,24.2,25.4,26.4,26.7,25.9,25.9,24,20.5,15.5
Bhola,25.8,29.1,32.4,32.1,32.3,31.7,31.5,31,31.7,31.6,29.7,27,13.9,15.1,20.6,23.3,24.5,25.8,25.5,25.8,25.4,23.8,20.2,15.3
,,,,,,Monthly Temperature (°C) in 2003,,,,,,,,,,,,,,,,,,
2003,,,,Monthly Maximum Temperature in °C,,,,,,,,,,,,Monthly Minimum Temperature in °C,,,,,,,,
Stations,Jan,Feb,Mar,Apr,May,Jun,Jul,Aug,Sep,Oct,Nov,Dec,Jan,Feb,Mar,Apr,May,Jun,Jul,Aug,Sep,Oct,Nov,Dec
Dhaka,21.8,28,30,34,34,31.4,32.4,32.5,31.7,31.2,29.8,25.9,11.7,16.9,19.4,24.1,24.4,25.8,26.4,26.6,24.9,25,19.4,16.4
Mymensingh,21.8,26.7,28,31.6,32,30.6,31.8,32.3,31.4,30.4,29,25.9,10.2,15.3,18.1,22.3,23.5,25.6,26.8,26.9,26,24.1,17.5,14.4
Tangail,21.1,27.5,29.6,34.1,34.1,31.9,32.9,33,32,31.3,29.6,25.7,9.5,14.9,17.9,23.2,23.6,25.5,26.6,26.5,25.8,24.2,17.7,14.1
Faridpur,22,28.1,30.7,34.4,34.8,32.3,32.4,32.8,32,31.3,29.7,25.3,10.7,15.9,18.9,24.3,25.3,25.8,26.3,26.6,26.1,24.8,18.3,14.6
Madaripur,23.2,28.9,31,34.2,34.5,32,32.1,33,32.5,32.2,30.8,26.5,11.2,16.3,18.9,24.6,25.5,26,26.9,27.1,26.5,25.3,18.9,15.2
Chittagong,25.8,30.7,31.1,32.8,32.8,29.9,32.2,32,32,33,31.2,28.4,13.6,17.4,19.7,24.5,25.6,25,25.8,25.8,25.5,24.8,18.7,16.3
Sandwip,24.8,29.3,30.4,32.7,32.7,30,31.4,31.3,31.5,32.2,30.3,27.1,10.9,15.2,17.8,23.9,25.1,25,25.8,25.6,25.3,24.5,17.2,14.3
Sitakunda,25.9,30.4,31.1,33,33,30.1,32,32,32.3,32.9,30.9,28.1,12.3,15.4,17.7,23.1,24,24.4,25.4,25.2,24.9,24.1,17.9,15.5
Rangamati,25,29.9,32.1,34.7,33.7,30.9,32.8,33.3,33.1,32.8,30.9,27.9,11,15.8,18.2,23.1,23.9,24.9,25.8,25.6,25.1,24,16.3,13.9
Comilla,23.1,27.9,29.5,33.1,33.5,30.8,32.1,32.8,32.6,31.8,29.8,26.4,12.3,16.2,19.5,24.6,25.5,25.9,26.3,26.3,26.3,25.6,20,16.5
Chandpur,22.2,28.2,30.1,33.8,33.7,31.3,32.6,32.5,31.8,31.6,29.6,25.8,12.9,16.8,19.3,24.4,25.4,25.4,26.4,26.4,26.1,25.7,20.1,16.8
M_Court,23.6,28.7,30.7,33.9,33.8,30.5,32.2,32.1,32.1,31.9,29.7,25.7,11.9,16.2,18.6,24.3,24.7,24.8,26.1,25.9,25.4,24.5,17.5,15
Feni,24.4,29.2,30.5,32.8,32.8,30.2,32.2,31.2,31.5,31.6,29.9,26.8,12.1,16.1,19.4,24.3,25.8,25,25.9,25.8,25.7,25.5,18.8,15.8
Hatiya,23.9,28.4,29.8,32.5,32.4,29.8,30.5,30.7,30.7,31.5,29.8,26.3,12.1,16.1,19.4,24.3,25.8,25,25.9,25.8,25.7,25.5,18.8,15.8
Cox's_Bazar,26.4,30.2,30.9,33.9,33.3,30.1,32.1,32,32.3,33.1,31.3,29.2,15.1,18.2,20.3,25.2,25.7,24.9,25.6,25.5,25.3,24.9,19.8,17.8
Kutubdia,24.2,27.6,29.3,32.5,32.4,29.4,31.6,31,31.2,32.2,30.3,27.6,14.5,17.8,20.1,25.3,26.3,25,26.2,25.9,25.8,25.4,19.7,17
Teknaf,27.1,29.8,30.8,32.8,32.2,29.5,30.9,31,30.9,32,30.4,28.7,14.2,16.9,19.5,24.8,25.9,24.6,25.7,25.5,25.5,25.1,19,17.3
Sylhet,24.9,28.8,29.7,32.1,31.9,30.2,32.7,33.2,32.7,31.5,29.4,26.7,12.2,15.2,17.8,21.9,23.2,24.7,25.9,25.8,25.1,24.2,18.2,15.6
Srimangal,23.8,28.5,29.7,33.2,32.3,30.8,32.9,33,32.3,31.1,29.5,26.3,9.4,12.4,16.1,21.2,22.8,24.6,25.4,25.6,25,23.6,15.6,13
Rajshahi,21.8,27.4,30.7,35.9,35.8,33.5,33.2,33.7,32.8,30.7,29.4,25.6,8.5,14.2,18,23.5,24.6,25.8,26.6,26.8,26.1,24,17.4,13.5
Ishurdi,21.7,27.5,30.3,34.8,35.4,32.7,33.1,33.5,32.5,31.1,29.8,25.7,8.3,14.7,18.1,23.7,24.8,25.6,26.4,26.5,25.9,23.9,16.8,12.9
Bogra,21.3,26.9,29,33.2,33.3,31.6,33,33.1,32.4,30.7,29.9,26.3,9.5,15.2,18.4,23.1,23.9,25.7,26.8,26.8,26.1,24.1,18.1,14.6
Rangpur,20.3,25.7,28.1,30.5,32.1,31.2,32.4,33,32.4,30.1,28.4,25.5,9.3,14.1,17.2,21.5,23.3,24.9,26.2,27,25.8,23.3,17.6,14.3
Dinajpur,19.6,25.6,28.4,31.4,32.8,31.9,32.7,33.2,32.3,30.2,28.5,25.3,8.2,13.8,17.1,21.3,23.3,25.1,26.3,26.8,25.8,23.1,17.1,12.9
Sayedpur,20.3,25.9,28.7,31.1,32.7,31.8,33,33.6,32.7,30.5,28.7,25.7,8.6,14.1,16.8,21,22.9,24.8,26.2,26.7,25.7,23,17.2,13.6
Khulna,23.9,29.5,31.5,35.1,35.7,32.9,32.7,32.9,32.9,32.3,30.5,25.9,11.1,16.7,19.6,25.5,26,26.2,26.5,26.7,26.3,25,19,15.4
Mongla,24,29.4,31.3,34.7,35.3,32.7,32.7,32.7,32.7,32.2,30,25.9,12.2,17.8,20.7,25.6,26.2,26.4,26.7,26.7,26.3,25.2,20.1,15.9
Satkhira,23.5,28.8,31.1,35,35.5,33.5,32.6,32.7,32.6,31.7,30,25.6,10.5,17,19.8,25.6,25.8,26.7,26.8,26.7,26.3,24.9,18.2,14.1
Jessore,23.8,29.2,31.7,35.9,36.8,34.1,33.6,33.9,33.4,32.1,31.1,26.4,9.3,15.7,18.7,24,25,25.9,26.2,26.2,25.7,24,17,13.2
Chuadanga,22.2,28.3,31.2,35.7,36.4,33.9,33.2,33.4,32.7,31.1,29.8,25.6,8.9,15.5,18.6,24.1,25.2,26.2,26.5,26.6,25.8,24.2,17.3,13.3
Barisal,23.9,28.9,30.9,33.5,33.6,31.1,31.8,32,31.7,31.9,30,26.1,11.1,16.1,19.5,24.8,26,25.7,26.5,26.7,26.1,24.8,18.1,14.7
Patuakhali,24.5,29.3,31.5,34,34.2,31,31.8,32.2,32.2,32,29.9,26.2,12.3,16.9,19.7,24.6,25.6,25.3,26.2,26.5,25.9,24.8,19.6,15.5
Khepupara,24.8,29.1,30.7,32.7,33.1,30.9,31.2,31,31.5,31.9,29.9,26.6,12.3,17.2,20.3,25.3,26.3,25.9,26.6,26.6,26,25,19.1,15.5
Bhola,23.9,28.9,30.5,33,33.1,30.7,31.5,31.6,31.2,31.9,29.9,26.3,11.3,16.5,19.5,24.9,25.9,25.6,26.3,26.4,25.9,24.9,18.2,14.7
,,,,,,Monthly Temperature (°C) in 2004,,,,,,,,,,,,,,,,,,
2004,,,,Monthly Maximum Temperature in °C,,,,,,,,,,,,Monthly Minimum Temperature in °C,,,,,,,,
Stations,Jan,Feb,Mar,Apr,May,Jun,Jul,Aug,Sep,Oct,Nov,Dec,Jan,Feb,Mar,Apr,May,Jun,Jul,Aug,Sep,Oct,Nov,Dec
Dhaka,23.5,28.3,32.8,32.6,35.1,32.2,31.5,32.3,30.4,31,29.5,27,14,16,22.4,23.9,26.3,25,25.4,26.5,25.5,23.3,18.6,16.2
Mymensingh,23.7,27.3,31.1,30,33,31.3,30.8,32,30,30.4,29,26.2,12.2,14.7,21.3,21.8,25.4,25.5,25.7,26.4,25.3,22.4,16.7,13.9
Tangail,23,28.1,32.8,33,35.3,32.6,31.8,32.9,31.1,31,29.4,26.6,11.6,13.8,20.6,22.9,25.1,25,25.9,26.4,25.1,22.6,17,14
Faridpur,23,28.3,33,33.3,35.4,32.4,31.7,31.9,30.8,30.8,29.3,26.8,12.5,14.9,21.2,24.2,25.6,25.3,26.4,26.6,25.8,23.5,18,15.7
Madaripur,24.1,28.9,33,33.3,35.5,32.4,30.5,31.9,31.6,31.3,29.4,27.1,13.2,15.3,21.7,24.4,25.8,25.7,26.5,26.6,26.2,23.7,18.3,15.4
Chittagong,26.2,29.4,31.4,31.5,33.6,31.8,31.8,31.8,31.2,32,30.9,29,14.9,16.3,22,23.9,25.9,25.5,25.4,25.6,25.2,23.7,18.4,16.3
Sandwip,25.4,28.6,31.1,30.9,33.4,31.4,30.6,30.8,31,31.4,29.5,28.7,14,15.2,21.5,23.7,25.6,25.2,25.5,25.6,24.7,24,18.7,16.2
Sitakunda,26.3,29.3,31.7,31.4,33.9,31.8,30.8,31.6,31.3,31.8,30.5,29.1,13,14.1,21,23.3,25.3,25.1,25.4,25.5,24.9,23,16.9,14.3
Rangamati,26.3,30.1,33,32.5,34.8,32,31.7,33.1,31.9,31.6,30.4,29,13,14.1,20.3,22.4,25.5,25,24.6,24.9,24.3,22.8,18,15.3
Comilla,24,27.8,30.8,31.6,34,32,31.6,32.6,30.9,30.9,29.5,27.3,12.9,14.8,20.9,22.4,25.1,25,25.5,25.4,25.1,23.1,17.2,14.5
Chandpur,23.4,27.9,31.7,32.1,34.3,31.8,31.4,31.9,30.6,30.6,29.1,26.8,14.1,16,22.2,24,25.9,25.3,26.3,26,25.7,24.3,19.7,17.1
M_Court,24,28.4,31.6,31.9,34.4,31.7,31.5,31.7,30.4,30.7,29,27.1,14.7,16.2,21.9,23.8,26.1,25.2,25.8,25.9,25.2,24.6,19.9,17.1
Feni,24.3,28.3,30.6,30.7,33.5,31.1,30.9,31.5,30.1,30.5,29.2,27.4,13.5,14.5,20.9,22.9,25.6,25,25.5,25.3,24.9,23.3,17.1,15
Hatiya,24.6,27.8,30.8,30.5,33,31,30,29.9,30.5,31.1,29.3,27.3,14.2,15.4,21.6,23.8,25.7,25.1,25.5,25.4,24.9,23.5,17.7,15.4
Cox's_Bazar,27.1,29.4,32,32.2,34.1,32.4,31.1,31.3,31.8,31.7,31.2,29.6,16.3,16.8,22.1,24.4,26,25.7,25.3,25.4,25.4,24.6,19.7,17.4
Kutubdia,25.2,27.2,30.2,31.2,33,31.6,29.8,30.9,30.8,31.1,29.8,28.1,15.7,16.5,22,24.3,26.3,26,25.7,25.8,25.5,24.4,19.3,17.2
Teknaf,27.5,28.8,31.1,31.7,32.9,31,30.1,29.8,30.6,31,30.4,28.8,15.2,15.6,21.2,24.2,25.3,25.8,25.3,25.4,25.3,24.2,19.6,17
Sylhet,25.5,28.8,32.5,29,32.4,31.7,30.7,33.4,30.7,30.9,29.6,27.3,13.6,14.9,20.9,21.1,24.3,25,24.8,25.9,24.8,22.4,18.4,15.5
Srimangal,23.9,28.6,32.6,30.3,33.1,31.5,31.1,32.6,30.4,30.7,29.2,27.1,11.4,11.4,19.5,21,24.1,24.5,24.6,25.6,24.5,21.3,15.2,12.2
Rajshahi,22,28.1,34.5,34.8,37.1,33.5,32.4,33.1,31.5,31.1,29.5,26.3,10.9,13.4,20.1,23.3,25.3,25.4,25.9,26.3,25.5,22.2,16.3,14.2
Ishurdi,22.7,28.4,34.2,34.4,36.5,33.1,32.2,32.9,31.5,31.1,29.4,26.4,10.5,13.2,20.2,23.5,25.3,25.5,26,26.3,25.4,22.5,16.5,14
Bogra,19.5,27.9,32.1,32.1,35,32.5,31.5,33,31.1,30.8,29.7,26.8,11.7,14.4,20.9,22.7,25.1,25,25.8,26.6,25.4,22.5,17.5,14.5
Rangpur,22,26.7,30.6,29,32,31.6,30.8,32,31,29.6,28.7,25.6,11.3,13.9,20.3,21.2,23.5,25.1,25.4,26.4,25.1,22,17,14
Dinajpur,20.6,26.9,31.7,29.8,33.1,32.3,31.3,33.4,31.6,29.9,29.1,25.7,10.6,12.9,19.6,21,23.8,25.2,25.5,26.5,25.3,21.4,15.7,12.8
Sayedpur,21.7,27,31.6,29.8,32.9,32.4,31.2,33.4,31.9,30.3,29,25.9,10.7,13.6,19.6,20.7,23.1,25.1,25.3,26.5,24.9,21.4,16.4,13.6
Khulna,23.8,28.7,33,33.9,35.8,33.2,32.1,32,31.8,31.5,29.7,27.2,13.2,15.7,21.9,24.9,26.2,26.2,26.4,26.5,26.2,23.7,18.6,15.8
Mongla,24.4,29.1,33.5,34.2,35.6,33,31.9,31.8,31.9,31.5,29.7,27.5,14,16.6,22.4,24.9,26.4,26.1,26,26.2,26,23.9,19.4,16.7
Satkhira,24.1,28.8,33.2,34.1,36.1,33.6,32.3,31.8,31.8,31.1,29.6,26.9,12.5,15.3,21.8,24.6,26.8,26.1,26.5,26.5,26,23,17.6,14.8
Jessore,23.3,29.3,33.9,35.2,36.2,34.2,33.2,32.8,32.1,31.9,30.6,27.7,11.4,13.7,20.4,22.9,25.3,25.4,27.4,25.9,25.3,22.5,16.3,13.9
Chuadanga,23.1,28.9,34.8,35.3,37.7,33.6,33.1,33,32,31.4,29.8,26.8,11.2,13.9,20.4,24.1,25.8,25.7,26.2,26.2,25.5,22.7,16.7,13.9
Barisal,24.2,28.4,32.4,32.6,34.5,32,31.4,31.2,30.9,31,29.4,27.4,13,15.2,21.8,24.3,25.8,25.6,25.9,26.1,25.5,23.3,18.1,14.9
Patuakhali,25,29,32.3,32.5,34.9,32.2,31.5,31.3,31.3,30.8,29.5,27.8,14,15.8,22,24.3,25.8,25.8,25.8,26,25.7,23.4,18.2,15.7
Khepupara,25.3,28.8,31.6,31.8,34.3,32.1,31.1,30.7,30.8,30.9,29.7,28,14.3,16.3,22.5,24.8,26.6,25.9,25.9,25.9,25.5,23.3,16.8,14.5
Bhola,24.7,28.5,31.8,31.9,34,31.6,31.3,29.2,30.7,31,29.3,26.5,13.2,15.1,21.9,23.3,25.8,25.4,25,23.5,24.7,23.3,17.8,14.2
,,,,,,Monthly Temperature (°C) in 2005,,,,,,,,,,,,,,,,,,
2005,,,,Monthly Maximum Temperature in °C,,,,,,,,,,,,Monthly Minimum Temperature in °C,,,,,,,,
Stations,Jan,Feb,Mar,Apr,May,Jun,Jul,Aug,Sep,Oct,Nov,Dec,Jan,Feb,Mar,Apr,May,Jun,Jul,Aug,Sep,Oct,Nov,Dec
Dhaka,24.5,29.1,32.2,34.4,33.2,33.4,31.5,32.1,32.8,30.6,29.1,27.1,14.2,18.3,22.4,24.1,24.2,26.8,25.8,26.7,26,24.4,19.8,15.7
Mymensingh,23.7,27.3,29.6,31.6,30.4,32.4,31.1,31.5,32.4,30.3,29.1,27,12.5,16.4,20.6,22.3,22.5,25.9,26.2,26.3,25.6,23.5,18,13.2
Tangail,23.9,28.3,32,34.4,33.3,34.4,32.1,32.7,33.1,30.6,29.2,27.1,11.9,15.9,20.7,22.8,23.3,26.3,26,26.2,25.9,23.4,18.1,13.5
Faridpur,24.3,29,32.6,35,34.3,34.1,31.2,32,32.9,30.3,28.8,26.4,12.9,17.1,21.7,24.2,24.8,26.5,26.1,26.6,26.3,24.2,18.8,14.5
Madaripur,25.1,29.5,32.4,34.7,34.4,34,31.4,32.2,32.7,31,29,26.9,13.1,17,21.8,24.1,24.8,26.8,26.2,26.8,26.5,24.4,18.6,14.6
Chittagong,27.4,30.6,30.9,33.4,33.5,32.8,31.4,30.6,32.6,33,30.6,29.1,14.5,18.4,22.2,24.5,24.7,26.9,25.6,25.5,25.5,24.7,19.5,17.1
Sandwip,26.4,29.5,30.1,32.8,32.8,32.1,30.6,30.5,31.7,32.1,30.3,27.7,13.6,17.5,21.7,23.3,24,26.5,25.2,24.9,25.1,24.7,18.5,14.6
Sitakunda,27.2,30.2,30.8,33.3,33,33.1,31.6,31.3,33.1,33.4,31.1,29.2,12.3,16.7,21.5,23.6,24.2,26.5,25.5,25.3,25.2,24.3,17.7,14.8
Rangamati,27.2,31.5,31.8,34.2,32.9,33.3,31.8,31,32.4,32.2,29.1,26.9,12.9,16.7,20.8,22.9,23.1,25.8,24.9,25.1,24.9,23.7,18.5,16.1
Comilla,24.8,28.6,30.5,33.5,33.1,33.4,31.8,31.5,32.5,31.2,29.3,27.6,12.4,16.4,21.1,22.7,23.5,26.1,25.5,25.5,25.4,24.2,18.1,14
Chandpur,24.4,28.9,31.3,34,33.7,33.4,31.1,31.3,32.4,31,29.2,26.9,14.4,18,22.4,24.2,24.9,26.8,26,26.4,26.1,25,20.2,16.5
M_Court,24.9,29.1,31.8,34.9,34.1,33.7,31.4,31.1,32.6,31.6,29.5,26.7,14.6,18.3,21.9,24.2,24.8,26.9,26.1,25.8,25.9,24.8,20.6,16.9
Feni,25.1,29,31,32.7,32,32.6,30.8,30.3,32.3,31.2,29.3,27.5,12.7,16.6,21.3,22.9,23.9,26.4,25.6,25.5,25.7,24.4,19.2,14.8
Hatiya,26,29.4,30.4,32.8,32.8,32,30.1,30.1,31.3,31.1,29.2,27,13.1,17.3,21.8,24.1,24.9,26.9,25.8,25.3,25.8,24.8,19.2,16.1
Cox's_Bazar,27.2,30.1,31.9,33.9,33.9,32.5,31.1,30.5,32.1,32.5,30.4,28.6,15.9,19.2,22.3,24.8,25.9,26.5,25.5,25.4,25.4,25.1,20.8,19.4
Kutubdia,26,28.4,30.1,32.6,33,32.2,30.9,30.2,31.8,32,30,27.9,15.5,19.1,22,24.8,25.7,27.1,26.1,25.9,25.9,25.5,20.4,18.3
Teknaf,28,30,31.2,32.8,33.2,31.3,30.5,29.5,31.1,32.1,30.2,28.6,15.2,18.3,21.7,24.7,25.7,26.4,25.6,25.2,25.5,25.1,20.7,18.9
Sylhet,25.2,28.6,29.5,31.7,30.1,32.6,32,32,33.3,31.9,30.1,28.6,12.9,16.7,19.7,21.9,21.6,24.9,25.3,25.9,25.7,23.8,18.7,15.7
Srimangal,25,28.9,30.5,32.8,31.6,33.4,32.3,32.3,33,31.7,29.6,28,9.8,14.4,19.3,21.2,21.4,25.4,25.1,25.2,24.8,22.9,15.9,11.9
Rajshahi,23.8,29.1,32.9,35.8,35.1,36,32.2,33.2,33.7,29.8,28.3,26.5,11.3,15,19.7,23.5,24.4,26.1,26.1,26.7,26,23.2,16.6,13
Ishurdi,23.6,28.5,32.9,35.5,35,35.6,32.4,33.2,33.5,30.2,28.8,26.5,11.4,15.4,20.1,23.5,24.5,26.1,26.1,26.5,26.1,23.4,17.4,12.9
Bogra,24.2,28.1,31,33.4,32.7,34.1,32,32.7,33.5,30.1,29.3,27.2,12.1,16,20.6,22.8,23.2,26.3,26.2,26.7,26.2,23.5,18.1,13.9
Rangpur,23.5,26.7,29.6,31.1,30.7,32.2,31.6,32,33.2,29,28.5,26,11.7,14.8,19,21.7,22.6,24.6,25.8,26.2,25.9,22.6,17.2,13.5
Dinajpur,23.1,26.9,30.2,32.1,31.6,33.1,31.8,32.1,33.5,29.3,28.5,25.9,10.9,14.6,19.3,21.7,23.1,25.3,26.1,26.5,26.4,22.3,16.3,12.2
Sayedpur,23.8,27.2,30.3,32.1,31.4,32.8,32.1,32.2,33.8,29.4,28.7,26,11.2,14.8,18.7,21.2,22.7,24.9,26,26.1,26.1,22.2,16.8,13
Khulna,25.2,30,32.6,34.9,35.1,34.9,31.5,32.4,32.7,30.9,29,26.7,13.5,17.3,22.1,25.2,25.9,27.3,26.3,26.9,26.3,24.7,19,14.8
Mongla,25.6,30.5,33.1,35.8,35.3,34.5,31.7,32.2,32.3,31,29.3,27,14.5,18.2,22.8,25.3,25.8,27.4,26.1,26.5,26.1,24.8,19.5,15.9
Satkhira,25,30,32.7,35.6,36.1,35.6,32,32.5,32.3,30.6,29,26.6,13.1,17.2,22,25.2,26.4,27.1,26.4,26.8,26.2,24.2,17.4,13.5
Jessore,25.3,30.2,33.8,36.3,36.6,36.8,32.5,33.4,34.1,31.1,30.2,27.7,11.8,15.9,20.5,23.7,25.5,26.6,25.8,26.1,25.8,23.5,16.7,12.6
Chuadanga,24.3,29.9,33.9,35.9,36.6,36.5,32.4,33.3,33.7,30.4,29.1,26.4,11.9,16,20.8,24.1,25.8,26.6,26.2,26.4,26,23.4,16.9,12.5
Barisal,25.5,30.1,32.3,34.5,34,33.7,31,31.7,32.3,31.3,29.6,27.2,12.5,16.9,22.1,24.6,25.4,27.1,25.9,26.2,26,24.3,18.4,14
Patuakhali,25.9,30.6,32.4,34.3,34.5,33.6,31.1,31.8,32.2,31.5,29.5,27.2,13.5,17.4,21.8,24.3,25.4,26.9,25.8,26.3,25.9,24.6,19.1,15.2
Khepupara,25.9,30.1,31.7,34,34,32.8,30.5,31,31.2,31,29.2,26.9,12.5,18,22.7,25.3,25.8,27.4,26.1,26.2,25.8,24.7,19.1,15.3
Bhola,25.4,29.7,31.8,33.9,33.6,33.1,30.9,31.4,31.9,31.3,29.2,27.2,12.7,17.2,22.2,24.5,25.2,27,25.7,25.9,25.9,24.5,18.8,14.5
,,,,,,Monthly Temperature (°C) in 2006,,,,,,,,,,,,,,,,,,
2006,,,,Monthly Maximum Temperature in °C,,,,,,,,,,,,Monthly Minimum Temperature in °C,,,,,,,,
Stations,Jan,Feb,Mar,Apr,May,Jun,Jul,Aug,Sep,Oct,Nov,Dec,Jan,Feb,Mar,Apr,May,Jun,Jul,Aug,Sep,Oct,Nov,Dec
Dhaka,25.3,31.3,33.2,33.7,33.8,32.4,32.4,32.5,31.9,32.3,29.7,26.9,13.5,19.4,21.9,23.8,25,26.1,26.7,26.5,25.8,24.7,19.9,15.8
Mymensingh,23.9,28.9,31.3,31.3,32,31.1,32,32.5,31.6,32.1,28.9,26.2,12.1,18.4,19.1,21.9,24.1,25.7,26.7,26.4,25.8,23.2,18.2,13.5
Tangail,24.5,30.5,33,33.4,33.8,32.8,32.7,32.9,32.4,32.9,29.3,26.4,11.5,17.6,19.1,22.4,24.1,25.9,26.4,25.9,25.5,23.6,18.5,13.4
Faridpur,25.2,31.3,33.6,34.2,33.9,32.8,32.1,32.2,32.1,32.5,29.4,26.7,12,18.1,20.1,23.7,24.9,26.4,26.6,26.2,26,24.6,19.4,14.2
Madaripur,25.6,31,33,34.2,33.8,32.8,31.9,31.9,32.1,32.6,29.6,27,12.5,18.7,20.5,23.8,25.2,26.7,26.7,26.3,26.1,24.9,19.4,14.2
Chittagong,28.2,30.7,33.7,33.5,32.8,32.5,31.4,32.5,32.3,32.7,31.1,28.3,14.6,19.1,21.8,24.7,24.6,25.9,25.7,25.6,25.4,24.6,20.6,15.8
Sandwip,27.3,30.6,32.9,32.7,32.6,32,30.9,31.9,31.8,32.3,29.7,27.2,12.6,17.5,20.2,23.7,24.7,25.1,23.9,25.2,25,24.6,19.9,14.6
Sitakunda,28.1,30.6,34,33.6,33.3,32.7,31.4,32.6,32.6,33.1,31,28.4,11.8,17.2,19.4,23.9,24.5,25.7,25.8,25.6,25,24.2,18.8,13.5
Rangamati,26.5,31.4,34.4,35.1,33,32.3,31.6,32.9,32.5,32.4,30.1,27.2,12.9,17.1,19.9,23.6,23.7,25.1,25.3,24.9,24.5,23.9,19.3,14.2
Comilla,25.6,30.2,32,33.2,33.1,32.6,32,32.9,32,32.1,29.1,27,12.2,18.5,20.1,23,24.4,25.6,25.8,25.6,25.2,24.2,19.1,13.3
Chandpur,25.1,30.7,32.3,33.5,33.3,32.8,31.9,32.4,32.1,32.5,29.6,27,14.1,19.4,21.5,23.9,25.3,26.4,26.3,26,25.8,25,20.6,15.6
M_Court,25.8,31.1,32.7,34.4,33.3,32.8,31.9,32.5,32,32.1,29.2,26.1,14.5,19.4,21.4,24.1,25,26.5,26.2,25.9,25.6,24.8,20.8,15.7
Feni,26,30,32.3,32.8,32.6,31.7,30.7,31.7,31.1,31.7,29.5,27,13.6,18.2,20.8,23.4,24.8,25.9,25.6,25.6,24.9,24.3,19.4,14.2
Hatiya,26.2,29.8,32.6,32.5,32.6,31.6,30.2,30.7,31.1,31.4,29.7,26.9,14.1,18.6,21,24.2,25.1,26.2,25.7,25.6,25.5,24.7,20.2,15.2
Cox's_Bazar,27.9,30.6,33.6,33.5,32.5,31.8,30.8,31.3,31.6,32.4,31.2,28.5,15.9,19,22.3,25.1,25.2,25.7,25.5,25.3,25.1,25,21.8,16.6
Kutubdia,26.7,29.1,31.4,32.6,32.3,31.6,30.4,31,31.2,31.7,30.3,27.4,15.5,19.4,21.9,24.9,25.5,26.4,26,25.2,26,25.4,21.5,16.6
Teknaf,28,29.7,31.9,32.4,31.9,31.5,30.3,30.5,30.7,32,30.9,28.4,14.7,17.5,21.1,24.3,25.4,26.1,25.5,24.9,25.3,25.2,21.4,16.2
Sylhet,26.6,30.1,33.1,31.5,31.8,31,32.9,34,32.3,32.9,29.6,27.5,13.6,18.5,20,21.5,23.5,24.5,26.3,25.8,25.3,23.6,19.6,14.9
Srimangal,25.7,31,33.6,33,32.1,31.6,32.8,33.5,32,32.2,29.2,27,10,15.9,17.6,21.3,23.5,24.7,25.6,25.3,24.8,22.8,17.5,11.1
Rajshahi,24.9,31.3,33.5,35.3,35,34.1,33.2,33.3,32.9,32.6,28.7,26.3,10.6,16.2,18.5,23,24.4,26.2,26.6,26,25.5,23.5,17.8,12.7
Ishurdi,24.7,31.3,33.6,34.8,34.6,34,33.1,33.3,33,32.8,29.2,26.8,10.4,16.2,18.5,23.1,24.5,26.1,26.6,26.1,25.6,23.2,17.7,12.3
Bogra,24.2,30.1,32.3,32.5,33.7,33.1,33.3,33.5,32.6,32.7,29.4,26.9,11.9,17.9,19.3,22.4,24.4,26.1,26.8,26.5,25.8,23.4,18.4,14.1
Rangpur,22.7,28.2,31.3,30.3,32.3,32.1,33.1,33.5,31.6,31.3,27.5,25.3,11.9,16.8,17.5,21.2,23.8,25.3,26.5,26.5,25.1,23,18,13.7
Dinajpur,22.4,28.3,31.8,31.3,32.5,32.6,33,33.5,31.6,32,27.8,25.6,11,16.5,17.7,21.4,23.9,25.3,26.6,26.6,25,22.7,17.5,13.2
Sayedpur,22.7,28.4,31.7,31.3,32.8,32.8,33.3,33.6,32,32,28,25.5,11,16.7,17.4,20.9,23.4,25.2,26.6,26.5,24.7,22.4,17.2,13.2
Khulna,25.9,31.8,33.3,35,34.6,33.6,32.4,32.2,32.4,32.4,29.6,26.9,12.8,18.8,21.1,24.9,25.7,26.9,26.4,26,26,24.9,20.1,15
Mongla,26.6,32.3,33.8,35.7,34.8,33.2,31.1,31.4,32,32.6,29.7,27.2,13.8,19.4,22.3,25.5,26.1,26.9,26.1,26.1,25.9,24.7,20.7,15.9
Satkhira,25.9,31.7,33,34.6,34.3,33.4,31.7,31.6,32,32.2,29.4,26.6,11.9,18.5,21,25.3,26,26.9,26.2,26,26.2,24.5,19.4,13.9
Jessore,27.1,32.9,34.9,36.1,35.6,34.6,32.8,33.2,33.3,33.3,30.2,27.9,10.3,16.8,19.1,24.2,24.6,26.5,26.2,26,25.7,23.4,17.9,12.1
Chuadanga,25.5,32.3,34.5,35.7,35.6,34,33,33.2,33,32.8,29.7,27,10.2,16.6,18.8,23.8,25.1,26.1,26.4,26.2,25.5,23.6,18.2,12.6
Barisal,26.3,31.5,33.2,34.1,33.6,32.5,31.3,31.6,31.9,32.4,29.8,27.3,12.1,18.4,21,24.1,25.4,26.6,26.2,25.9,25.9,24.4,19.4,13.9
Patuakhali,27,32,33.6,34.3,33.4,32.6,31,31.4,32.1,32.5,29.8,27.5,13.4,18.8,21.4,24.4,25.4,26.7,26.2,25.9,25.9,24.8,20.1,14.9
Khepupara,27,31.2,33.3,33.7,33.1,31.9,30.7,31,31.3,32,29.8,27.8,13.6,19,21.6,25.3,25.6,26.9,26.2,26.1,25.7,25,20.3,15.1
Bhola,26.3,31.2,32.7,33.5,33.1,32,31,31.4,31.3,31.8,29.4,26.9,12.7,18.7,21.3,24.3,25.4,26.6,26.2,26,25.9,24.7,20,14.5
,,,,,,Monthly Temperature (°C) in 2007,,,,,,,,,,,,,,,,,,
2007,,,,Monthly Maximum Temperature in °C,,,,,,,,,,,,Monthly Minimum Temperature in °C,,,,,,,,
Stations,Jan,Feb,Mar,Apr,May,Jun,Jul,Aug,Sep,Oct,Nov,Dec,Jan,Feb,Mar,Apr,May,Jun,Jul,Aug,Sep,Oct,Nov,Dec
Dhaka,24.6,27.1,31.5,33.7,34.8,32.5,31.5,32.5,32.1,31.5,29.1,25.8,12.5,16.8,19.6,23.7,25.9,25.5,25.8,26.4,26.5,23.8,19.9,15
Mymensingh,23.6,25.4,29.1,30.4,33.4,31.5,30.7,31.9,31.6,31.5,29.7,26,10.8,15.7,17.7,22.2,24.8,25.3,26.2,26.8,26.4,23.2,18.5,13.2
Tangail,23.9,25.9,30.5,33.3,35.2,32.5,31.9,32.6,32.7,31.9,29.6,25.5,10.2,15,17.3,22.8,25,25.3,25.7,26.6,26.1,23.3,18.9,12.8
Faridpur,24.5,26.7,31.6,33.8,34.8,32.7,31.4,32.3,32,31.6,28.9,25.7,10.9,15.8,18.2,23.8,25.3,25.5,25.9,26.9,26.4,24.2,19.9,13.9
Madaripur,24.9,27.5,31.8,33.7,34.5,32.8,31.3,32.4,31.7,31.6,29.6,26.3,11.6,16.2,18.2,23.6,25.7,25.9,26.3,26.8,26,24,20.3,14.5
Chittagong,26.8,28.7,32.3,32.3,33.1,32,30.6,32,31.5,32.2,31,28.4,13.5,17.1,19.6,23.6,25.7,25.6,25.3,25.4,25.4,23.3,21.2,15.9
Sandwip,25.8,27.5,31.5,31.7,32.7,31.5,30.2,31.3,31,31.2,29.7,26.6,11.9,16,18.2,23.1,24.8,25.4,25.3,25.3,25,23.3,20.7,14.9
Sitakunda,26.7,28.3,32.3,32.3,33.5,31.9,30.6,32.3,31.9,32.4,30.9,27.9,10.9,15.7,17.2,23,25.2,25.2,25.3,25.4,25.4,23.3,20,13.7
Rangamati,25.8,27.8,32.7,32.9,33.3,32.3,30.7,32.3,31.4,30.2,29.5,26.3,11.5,14.7,17.1,22.2,24.5,24.8,24.9,24.9,24.7,22.5,20.7,14.6
Comilla,24.4,26.9,30.2,32,33.6,31.9,30.7,32.2,31.7,31.4,29.1,25.9,11.1,16,18.1,22.7,24.9,25.3,25.4,26.1,25.5,23.3,20,14.4
Chandpur,24.4,27.8,32.2,33.6,34.3,32.4,31.1,32.3,31.5,31.8,29.6,26.1,12.9,16.8,18.7,23.8,25.6,25.7,26,26.5,26.4,24.3,21,15.7
M_Court,24.4,27.3,31.4,33.6,34.2,33,31.1,32.7,31.4,30.5,28.8,26.1,13.1,16.9,18.6,23.3,25.4,25.1,25.3,26.2,25.5,23.5,21.3,16.2
Feni,25.2,27.2,31,31.8,32.7,31.1,30.1,31.3,30.8,31,29.3,26.2,11.6,16.4,18.4,23.1,25.2,25.6,25.5,26,25.6,23.5,21,15
Hatiya,25.4,27.2,31.2,30.6,32.6,31.5,30.1,30.8,30.5,30.8,29.5,26.3,12.5,17.1,19.2,23.7,25.8,25.5,25.6,26,25.7,23.9,21,15.4
Cox's_Bazar,26.8,28.7,32,32.2,32.7,31.9,30.3,31.5,31.3,31.5,30.8,28.2,14.6,17.9,20.3,23.5,25.7,26,25.2,25.4,24.9,24,22.6,17.5
Kutubdia,25.4,27.1,29.5,31.3,32,31.6,30.2,31.1,30.6,31,29.7,28.1,14.5,18,20.2,23.5,26,26.5,25.6,25.8,25.7,24,22,16.7
Teknaf,27.4,29,31.1,31.8,31.8,31.7,29.3,30.1,30.5,30.6,30,27.7,13.7,17.2,19.5,23.6,25.9,26.1,25.3,25.4,25.5,24,22.4,16.3
Sylhet,25.7,27.3,31.4,30.3,32.4,30.7,31.4,32.7,32,31.3,29.7,26.3,12.3,15.7,17.7,20.9,24.1,24.9,25.6,25.8,25.4,22.8,19.5,15
Srimangal,24.6,27,30.7,31.3,33.4,31.4,31.5,32.4,32,31.5,29.4,25.8,8.2,13.3,15.1,21.3,23.9,24.6,25.2,25,24.8,22.1,18,11.5
Rajshahi,24.5,26.4,31.1,35.4,36.1,33.8,32.4,33.2,32.8,31.9,29.8,25.4,9.4,14.6,17.1,23.7,24.9,25.6,26,26.7,26.1,23.3,18.5,11.5
Ishurdi,24.9,26.8,31.5,35.4,36.2,33.9,32.5,33.2,32.8,32.2,29.8,26,9.3,14.6,16.9,23.8,24.8,25.9,25.9,26.6,26,23.3,18.1,11.4
Bogra,24.2,25.9,30.2,32.9,35.6,32.4,32.2,32.9,32.6,32,30.6,26.1,10.7,15.5,17.8,23.3,25.3,25.4,26.3,26.7,26.1,23.8,19.1,12.9
Rangpur,22.8,24.1,29.2,30.9,33.9,31.7,31.6,32.7,31.6,31.2,29.1,25.2,10.4,14.7,17.2,21.9,24.5,25.3,25.9,26.9,25.7,23.4,18.7,12.6
Dinajpur,23,24.5,29.8,32,34.8,32.1,31.7,32.8,31.9,31.5,29.9,25.1,9.9,14.4,17.1,22.1,24.5,25.3,26.1,26.7,25.7,23.1,17.7,11.9
Sayedpur,23.1,24.5,29.9,31.7,34.6,32.2,31.6,33,31.7,31.6,29.3,25.3,10,14.5,16.8,21.4,24,25,26,26.6,25.3,22.9,17.9,12.1
Khulna,24.9,27.6,31.6,34.6,35.4,33.6,31.4,32.7,31.9,31.8,29.1,25.7,12.2,17,19.6,24.4,25.9,26.3,26.3,26.8,26.1,24.1,20.5,14.4
Mongla,25.4,27.9,32.1,34.5,34.7,33.1,31.5,32.3,31.3,31.7,29.4,26,13.1,17.7,20.5,24.6,26.3,26.7,26.2,26.5,26.1,23.9,21,15.3
Satkhira,25.2,27.4,31.2,34.4,36,33.6,31.3,32.4,32,32.2,29.3,25.9,11.9,16.9,19.7,24.9,26.4,26.9,26.5,26.7,26,23.7,19.7,13
Jessore,26.2,28,32.4,35.6,36.4,34.5,32.6,33.2,33.1,32.8,30,26.7,9.9,15.7,17.9,24,25.5,26.3,26.1,26.3,25.9,23,18.9,11.2
Chuadanga,25.2,27,31.6,35.4,36.2,34.1,32.5,33,32.6,32.4,29.1,25.3,9.6,15.3,17.1,23.5,24.7,25.8,25.7,26.4,25.9,23.6,18.5,11.7
Barisal,25.4,27.8,31.9,33.4,34,32.4,30.9,32.1,31.2,31.5,29.6,26.4,11.2,16,18.4,23.8,25.7,26.3,25.9,26.4,25.8,23.6,20.2,13.9
Patuakhali,25.6,28.1,32.1,33.6,34.1,32.5,30.9,32.3,31.3,31.8,29.7,26.6,12.2,17,19.3,23.8,26.1,26.2,25.9,26.4,25.7,23.7,20.8,15
Khepupara,26.1,28.4,32.4,32.8,33.7,32.4,30.7,31.2,30.8,31.2,29.5,26.7,12.4,17.3,19.9,24.8,26.1,26.8,26.1,26,26,23.5,20.9,14.9
Bhola,25.1,27.5,31.4,32.7,33.2,32.1,30.5,31.7,30.7,31.2,29.3,26.1,11.7,16.5,18.9,24.1,25.9,26.1,25.7,26.3,25.8,23.8,20.4,14.7
,,,,,,Monthly Temperature (°C) in 2008,,,,,,,,,,,,,,,,,,
2008,,,,Monthly Maximum Temperature in °C,,,,,,,,,,,,Monthly Minimum Temperature in °C,,,,,,,,
Stations,Jan,Feb,Mar,Apr,May,Jun,Jul,Aug,Sep,Oct,Nov,Dec,Jan,Feb,Mar,Apr,May,Jun,Jul,Aug,Sep,Oct,Nov,Dec
Dhaka,24.5,26.1,31.7,34.5,34.7,31.3,31.8,31.1,32.6,31.4,29.7,25.6,14.5,15.2,22,24.5,24.9,26.3,26.3,26.5,26.2,23.8,19,16.9
Mymensingh,23.5,24.9,29.4,32.6,33,31,31.1,31.1,32.6,31.2,29.6,25.5,13.1,13.8,20.3,23,23.9,25.6,26.3,26.2,26.1,23,16.7,15.7
Tangail,23.8,25.4,31.1,34.1,34.3,32.4,31.8,32.4,33,31.2,29.5,25.2,12.5,13,20.5,23.3,23.9,25.7,25.9,26.4,26.1,22.8,17.3,15.7
Faridpur,24.3,25.7,32.1,34.8,35.2,32.5,31.6,32,32.5,31.2,29.5,25.9,13.3,13.7,21.5,23.8,24.6,25.8,26,26.3,26.1,23.3,18.4,15.9
Madaripur,25.3,26.8,32.1,34.7,35,32,31.4,31.9,32.1,31.4,30.1,26.2,13.7,14.4,21.7,23.8,25,26.1,26.2,26.6,26.4,23.4,18.7,15.9
Chittagong,24.9,26,29.9,32,32.2,30.9,29.8,30.2,30.9,30.7,29.7,26.7,15.2,15.7,21.9,24.2,25.1,25.6,25.2,25.4,25.3,24,19.6,17.7
Sandwip,26,26.8,31.2,33.4,33.1,31,30.1,31,32.2,32.4,30.5,27.7,13.3,13.9,20.8,22.9,24.1,24.7,24,24.4,24.6,23,17.6,15.8
Sitakunda,27.1,27.6,31.6,34.2,33.8,31.7,30.6,31.4,32.7,32.5,31.2,28.1,12.4,13.1,20.3,22.6,24.6,25.5,25.1,25.3,25.1,23.4,17.4,14.9
Rangamati,26,27.1,32.4,35.9,34.7,32.3,31.3,31.5,32.7,32.2,29.8,27.5,13.2,13.2,20.5,22.7,24.3,25,24.7,24.6,24.4,23.2,18.4,16.2
Comilla,24.8,25.9,30.6,33.5,33.8,31.6,31,31.7,32.7,30.9,29.8,26.5,13.2,14.1,20.5,22.9,23.9,25.2,25.6,25.5,25.3,23.2,18.4,15.9
Chandpur,25.1,26.4,31.7,34.4,34.8,31.9,31.3,31.8,32.4,31.3,30.3,26.2,14.4,14.9,21.6,24,24.9,25.8,25.9,26.1,26,23.8,19.5,17.1
M_Court,25.4,26.9,31.9,34.6,34.7,31.5,30.8,31.8,32.6,31.4,29.6,26.2,14.8,15.4,21.5,23.8,25,25.4,25.3,25.4,25.5,24.2,20.1,17.3
Feni,25.1,26.2,30.8,33.2,33.3,30.7,29.8,30.6,32,31,30,26.3,14,14.8,21.6,23.4,24.6,25.3,25.4,25.4,25.4,23.4,18.3,16.1
Hatiya,25.5,26.4,30.7,33.1,33,30.3,29.9,30.7,31.7,31.3,29.8,27,14.1,14.5,21.3,23.6,25.1,25.7,25.4,25.8,25.4,23.8,19.2,16.2
Cox's_Bazar,27.3,28.1,31.5,34,33.7,31.4,30,30.8,31.7,32.5,31.3,28.8,16,16.5,21.8,24.6,25,25.2,24.8,25,25.2,24.8,20.8,18
Kutubdia,25.6,26.1,29.6,32.4,32.8,31.2,29.9,30.6,31.2,31.7,30.3,27.4,15.8,16.1,22.1,24.5,25.5,26.2,25.3,25.6,25.7,25.1,20.4,18
Teknaf,27.4,27.6,30,32.9,32.7,30.7,29.4,30,31.1,31.7,31,28.6,15.3,15.4,20.6,23.2,24.5,25,24.8,25.1,25.1,24.3,20.5,17.6
Sylhet,24.5,26.2,29.9,33.1,32.6,31.8,32,31.5,32.8,31.6,29.9,27.4,14.4,14,19.2,22.4,23.5,24.8,25.5,25.2,25.1,23,18,16.5
Srimangal,24.4,26.1,30.9,34.4,33.4,32,31.8,31.9,32.8,30.8,29.7,26.5,11.2,11.1,18.7,21.3,23.1,24.9,25.5,25.3,24.9,21.6,15.1,14.2
Rajshahi,23.7,25.7,33,36.3,35.6,32.7,31.9,32.9,33.2,31.8,29.6,25,11.1,12,20.1,23.1,24.2,25.7,26,26.4,25.8,22.6,16.5,15
Ishurdi,23.8,25.8,32.7,35.8,35.6,32.9,32.1,32.7,33.2,31.8,30,25.4,11.2,11.8,20.4,23.1,24.4,25.8,26.1,26.4,25.8,22.5,16.8,14.9
Bogra,24,25.9,31,34,34.4,32.1,31.8,32.2,33.1,31.9,30.3,25.6,12.5,13,20.5,23.2,24.4,25.8,26.1,26.4,26.1,23,17.9,16.1
Rangpur,23,24.6,29.4,31.6,32.6,31.1,31.8,31.4,32.4,30.7,28.6,24.6,12.1,12.7,19,21.7,23.2,25.2,26,25.7,25.6,22.8,17.3,15.6
Dinajpur,23,24.6,30.1,32.8,33,31.8,32,31.9,32.8,31.1,29.3,24.4,11.8,12.3,18.9,21.8,23.4,25.6,26.1,26.1,25.7,22.5,16.5,15.3
Sayedpur,23.1,25,29.9,32.3,33,31.6,32.2,31.7,33,31.3,28.9,24.8,11.7,12.5,18.5,21.3,22.8,25.1,25.9,25.8,25.4,22.3,16.7,15.1
Khulna,25.1,26.8,32.3,35,35.9,32.7,31.5,32.4,32.7,31.8,29.6,26.1,13.8,15.3,22.4,24.5,25.3,26.2,26.3,26.6,26.2,23.8,19.6,16.4
Mongla,25.5,26.9,32.8,35.3,35.7,31.8,31.2,31.8,32.2,31.7,28.5,26.4,14.4,15.6,22.6,24.9,25.8,26.1,25.9,26.4,26,23.9,20.1,16.5
Satkhira,25.3,26.7,32.5,34.9,36.1,32.9,31.9,32.2,32.4,31.6,29.5,26,12.9,14.5,22,24.1,24.9,26,26,26.3,25.7,22.8,18.3,14.9
Jessore,25.6,27.1,33.1,36,36.7,33.6,32.7,33.4,33.3,32.5,30.8,27,11.2,13.1,20.8,23.3,24.2,25.7,26,26.1,25.4,22.3,16.9,14.6
Chuadanga,24.3,26,32.6,35.6,35.4,32.6,32.1,32.9,33,31.6,29.6,25.6,11.6,12.6,20.5,23.4,24.4,25.9,25.9,26.2,25.5,22.8,17.3,14.9
Barisal,25.6,26.8,32.1,34.3,34.7,31.6,30.9,31.7,32.1,31.6,29.7,26.3,13.2,14.2,21.9,24,25.4,26,25.9,26.1,25.8,23.5,18.4,15.4
Patuakhali,26,27.3,32.6,34.6,35.1,31.8,30.8,32,32,31.6,29.5,26.5,13.9,14.8,21.9,23.8,25.5,25.8,25.8,26.1,25.9,23.9,19.1,16.3
Khepupara,26.2,27.1,31.5,33.5,34.1,31.1,30.5,31.1,31.3,31.3,29.6,26.7,13.9,15.1,22.6,24.8,25.8,25.9,25.9,26.3,26,24.2,19.6,16.2
Bhola,25.4,26.6,31.6,33.4,34,30.9,30.4,31.4,31.7,31.3,29.7,26.1,13.7,14.7,21.8,23.9,25.5,25.8,25.9,26.1,25.9,23.6,18.8,16.1
,,,,,,Monthly Temperature (°C) in 2009,,,,,,,,,,,,,,,,,,
2009,,,,Monthly Maximum Temperature in °C,,,,,,,,,,,,Monthly Minimum Temperature in °C,,,,,,,,
Stations,Jan,Feb,Mar,Apr,May,Jun,Jul,Aug,Sep,Oct,Nov,Dec,Jan,Feb,Mar,Apr,May,Jun,Jul,Aug,Sep,Oct,Nov,Dec
Dhaka,25.9,29.7,33.3,35.6,34.6,34.5,32.3,32.5,32.5,32.2,30.2,26,14.8,17.3,21.4,25.9,25.2,26.7,26.7,26.3,26.3,24.2,20.2,15.4
Mymensingh,24.9,28.8,30.9,33,32.2,32.8,31.9,31.7,32.4,32.1,29.6,25.4,13.4,15.3,18.9,23.6,24.1,25.7,26.6,26.3,26,23.2,18.6,13.2
Tangail,24.5,29.1,32.5,35.4,33.8,35,33.3,32.8,33.3,32.6,30,25.5,12.9,14.3,19,24.1,23.8,25.4,26.1,25.9,26.1,23.1,18.5,12.6
Faridpur,25.7,29.7,33.4,36.2,34.8,34.6,32.2,32.4,32.9,32.3,30.1,25.7,13.6,15.1,20,25,24.7,26,26.3,26.4,26.4,23.8,19.4,13.5
Madaripur,26.5,29.9,33,35.1,34.7,34.7,32,32.5,32.8,32.5,30.9,26.6,13.9,15.8,20.2,24.9,24.8,26.3,26.3,26.2,26,23.4,19,13.6
Chittagong,26.6,29,31.7,32,32.5,32,30.2,30.6,31.5,31.2,29.9,26.2,14.9,16.9,21.6,25.3,25,25.6,25.5,25.7,25.4,24.1,21.1,15.9
Sandwip,27.3,29.8,32.4,33,33.2,32.7,30.5,31.1,31.8,31.9,30.5,27,13.5,15.7,20.7,24.9,25.1,25.9,25.5,25.5,25.4,23.7,19.8,14.2
Sitakunda,28.2,30.9,33.5,33.6,33.7,33.1,31,31.8,32.6,32.9,31.4,28.4,12.2,12.4,20.7,24.9,24.7,25.6,25.4,25.2,25.3,22.6,18.7,12.7
Rangamati,27.7,30.9,34.2,35.4,34.3,33.1,31.4,31.4,32.2,31.4,29.7,26.7,12.6,14.5,19.7,24.2,24.1,25,24.9,25.1,24.8,22.9,19.5,14.1
Comilla,26,28.9,31.7,33.8,34,33.4,31.8,32.5,33.2,32.2,30.3,26.1,13.6,15.6,20.4,24.2,24.3,25.9,25.5,25.9,25.6,23,19,13.4
Chandpur,26.2,29.9,33,34.6,34.6,34.2,31.9,32.3,32.6,32.2,30.6,25.5,14.4,16.5,21,25.1,24.2,26.5,25.9,26.2,25.3,24.1,20.3,15
M_Court,26.4,29.6,33,34.6,34.5,33.9,31.7,32.3,32.6,32.1,29.9,25.8,15.1,16.7,21.4,25,25.2,26.7,26.2,26.3,26.2,24.4,21,15.7
Feni,26.3,29.1,31.8,33.2,33,32.2,30.5,30.9,31.6,31.5,30.1,26.3,13.6,16.2,21,24.9,24.6,25.8,25.7,25.6,25.5,23.3,19.4,13.8
Hatiya,27,30.1,32.3,32.9,33.1,32.6,30.1,30.7,31.5,31.5,30.4,26.8,14.2,16.4,21.1,24.8,25.3,26.7,26,26,26,24,20.3,14.5
Cox's_Bazar,28.6,30.8,32.9,33.4,33.9,32.9,30.7,31.3,32.5,32.8,31.7,28.3,15.9,17.9,21.9,25.3,25.3,25.6,25.5,25.3,25.2,24.6,21.7,16.6
Kutubdia,26.7,28.5,30.7,32.1,33,31,29.3,28.8,31.6,31.7,30.4,27,15.5,17.8,22.2,25.5,25.6,26.3,25.8,25.8,25.8,24.5,20.5,16.3
Teknaf,28.3,30,31.6,32.7,33,31.6,29.6,30.4,31.5,31.7,29.7,28,15.5,16.3,20.7,24.7,25.6,25.8,25.4,25.5,25.4,24.1,21.6,16.5
Sylhet,26.6,30.5,32.6,32.5,32.5,32.2,33,32.1,33.2,32.7,30,27.1,14.4,15.7,19.7,22.8,23.2,24.9,26.1,25.6,25.5,23.2,19.6,14.8
Srimangal,26.2,29.9,33,33.3,32.4,32.8,32.8,32.5,33.3,32.3,30.2,26.7,10.7,12.4,16.9,22,23.1,24.8,25.5,25.6,24.9,21.6,16.8,11.3
Rajshahi,24.5,29.5,33.4,37.4,34.9,36.7,33.5,32.9,33.6,31.9,29.7,25.4,12.3,12.6,18,23.9,24.4,26.6,26.6,26.4,25.9,22.1,17.8,11.6
Ishurdi,24.8,29.4,33.6,36.8,34.7,36.2,33.4,33,33.5,32.1,29.8,25.5,12.2,13,18.1,24.1,24.6,26.3,26.6,26.4,26,22.5,17.9,11.6
Bogra,24.8,29.2,31.7,34.5,33.1,34.6,33.6,32.2,33.3,32.7,30.3,25.6,13.1,13.9,19.1,23.7,24.1,26,26.7,26.2,26.3,23.2,18.8,13.2
Rangpur,23.3,27.9,30.5,32.2,31.5,33.2,33,31.7,33.2,31.3,28.7,24.7,13.2,14,17.7,22.1,23.7,25.6,26.4,26.1,26.2,22.8,17.7,12.9
Dinajpur,23.5,28,30.8,32.9,32.1,33.9,33.2,32,33.1,31.7,28.9,24.5,12.5,14,17.6,22,23.6,25.9,26.5,26.3,26.2,22.4,17.1,12.3
Sayedpur,23.6,28.4,31,33,32.1,33.8,33.3,32.1,33.5,31.9,28.6,24.7,12.6,14.3,17.5,21.8,23.2,25.5,26.6,26.2,26.3,22.5,17.2,12.3
Khulna,26.2,29.8,33.2,36.5,35.6,34.9,32.4,32.6,33.1,32.4,30.4,26.2,15.2,16.9,21.1,25.6,26,26.9,26.5,26.3,26.4,23.6,20.1,14.2
Mongla,26.6,30.2,33.6,36.6,34.8,34.3,31.6,32.4,32.4,32,30.4,26.4,15.7,17.5,21.8,25.9,26,27.1,26.3,26.3,26.2,23.8,20.5,15.1
Satkhira,26.4,29.8,32.8,36.2,35.3,35.5,32.7,32.7,33.1,32.4,30.4,26.7,14.4,15.8,20.3,25.1,25.6,26.9,25.9,25.5,25.5,22.4,18.9,13.2
Jessore,27.3,30.8,34.5,38.2,36.3,35.9,33.3,33.3,33.9,33.2,31.1,27.4,12.8,14.3,18.7,24.5,25.3,26.5,26,25.7,25.6,22,17.5,11.1
Chuadanga,25.5,29.6,33.7,37.4,35.3,35.9,33.1,33,33.4,32.3,29.8,25.9,13,13.6,18.5,24.7,25,26.6,26.4,25.9,25.9,22.2,17.9,11.5
Barisal,26.7,30,33.1,34.4,34.4,34.1,31.5,32,32.5,32.2,30.5,27,13.6,16,21.1,25.1,25.6,27,26.2,26.1,26.1,23.3,19.3,13.1
Patuakhali,26.8,30.1,33.4,35,34.7,34.1,31.3,31.9,32.7,32.1,30.1,26.8,14.4,16.5,21.5,25.3,25.7,27,26.1,26.2,26.1,23.7,20.1,14.2
Khepupara,27,30,33.3,33.9,33.8,32.8,30.8,31,31.6,31.3,30.1,26.9,14.6,16.5,22,25.8,26.2,26.8,26.1,26.4,25.8,23.7,20.3,14.1
Bhola,26.3,29.6,32.3,33.9,33.7,33.5,30.8,31.5,31.7,31.9,30.1,26.5,14.3,16.4,21.4,25.2,25.6,26.7,26.2,26.1,26.1,23.6,19.9,14
,,,,,,Monthly Temperature (°C) in 2010,,,,,,,,,,,,,,,,,,
2010,,,,Monthly Maximum Temperature in °C,,,,,,,,,,,,Monthly Minimum Temperature in °C,,,,,,,,
Stations,Jan,Feb,Mar,Apr,May,Jun,Jul,Aug,Sep,Oct,Nov,Dec,Jan,Feb,Mar,Apr,May,Jun,Jul,Aug,Sep,Oct,Nov,Dec
Dhaka,23.8,28.9,34.1,35.5,34.3,33.1,33,33.1,32.5,32.4,30.1,26.1,12.8,16.2,23.3,26.4,25.9,26.7,27.4,27.1,26.6,25.1,20.9,15.5
Mymensingh,24,27.7,32,32.3,32.5,31.5,32.3,32.2,31.4,32,29.7,25.8,11.7,14.9,20.7,23.5,24.2,25.7,27,26.6,26.1,23.9,19,13.5
Tangail,23.3,28.5,34.6,35.1,34.5,33.2,33.4,33.4,32.9,32.6,30.1,25.9,10.5,14.1,20.6,24.8,24.7,25.7,26.4,26.5,25.9,24,19.3,13
Faridpur,23.3,28.9,34.8,36,34.4,33.2,32.6,33.2,32.7,32.5,30.3,25.5,11.2,15,22.3,26.1,25.2,26.1,26.7,26.8,26.2,24.8,20.4,13.9
Madaripur,24.3,29.4,34.4,35.3,34.5,33.3,32.7,33.6,32.7,32.4,30.2,25.8,11,15.3,22.3,25.8,25.1,25.9,26.7,26.7,26.4,23.8,20.4,13.6
Chittagong,25,28.9,31.3,31.9,32,31.2,31.6,31.7,31.8,31.8,29.9,26.3,14,16.4,22.5,26,25.7,25.6,26,25.6,25.5,24.9,21.3,16.2
Sandwip,25.6,29.2,32,32.6,32.7,31.3,31.6,31.9,31.8,32.6,31.1,27.5,12.4,14.8,22.4,26.5,25.6,25.6,26,25.8,25.6,25.2,20.3,14.7
Sitakunda,27.7,30.6,33.2,33.5,33.3,31.8,32.4,32.7,32.5,33.5,31.8,28.6,10.8,13.8,21.5,25.7,25,25.4,25.9,25.6,25.4,24.4,19.6,13.6
Rangamati,26.6,29.6,34.3,33.8,32.9,32.2,32.6,32.9,32.5,32.3,30.5,26.7,12.5,13.6,20.6,24.8,24.5,24.9,25.3,25.3,24.8,24.3,20.2,14.9
Comilla,24.5,28.1,32,33.3,33.5,31.9,32.7,33.4,32.8,32.3,30.2,26.4,11,14.7,22,25.2,24.7,26.1,26.3,26.3,25.6,24.7,20,13.8
Chandpur,23.7,29.4,34,34.9,34.3,32.7,32.3,33.2,32.5,32.7,30.4,26.3,12.4,15.9,22.5,25.9,25.2,26.3,26.6,26.7,26.3,25.3,21.2,15.2
M_Court,24.4,28.9,33.3,34.6,34.1,32.1,32.3,32.8,32.5,32.2,30.1,25.8,12.8,16.1,23.1,26.4,25.3,26.2,26.7,26.4,26.3,25.8,22,16.1
Feni,24.8,28.6,31.9,32.5,32.3,30.7,31.3,31.8,31.4,31.9,30.4,26.4,11.7,15.1,22.6,25.7,25.3,25.6,26.1,26,25.5,24.6,20.3,14.6
Hatiya,25.6,29.5,32.7,32.8,32.7,31.3,30.9,31.6,31.5,32.2,31,27.1,12.7,15.6,22.6,26.4,25.9,26.1,26.2,26.1,25.9,25.4,20.9,15.2
Cox's_Bazar,27.2,30.4,33,34,33.7,32.2,31.8,32.3,32.2,32.3,31.7,28.4,15.3,17.5,23.3,26.3,26.1,26,25.8,25.7,25.3,25.4,21.7,17.5
Kutubdia,24.6,27.6,31.2,32.9,32.9,31.6,31.5,31.7,31.7,31.9,31,27.3,15.2,17.2,23.1,26.3,26.4,26.3,26.2,26.2,25.9,25.5,21.3,17
Teknaf,27.8,29.8,31.8,33,32.7,31.4,30.6,30.9,31.3,31.3,30.8,27.7,14.5,16.9,21.8,26.1,26.4,26,25.8,25.6,25.7,25.4,21.7,16.7
Sylhet,27.3,29.5,33.1,30.5,31,30.5,32.8,32.9,31.9,32.8,30.5,26.9,12.8,14.8,20.6,21.6,23.2,24.5,25.9,25.8,25,24.2,20.1,15.1
Srimangal,25.5,29.7,34.7,33.8,32.4,31.6,33,33.1,32,32.1,30.1,26.6,8.7,10.7,19.4,22.8,23.6,24.7,25.6,25.4,25,23,17.4,11.7
Rajshahi,22.4,28.8,35.9,38.3,35.9,35,34,34,33.2,32,29.8,25.1,9.4,13.1,19.8,25.7,25.4,26.1,26.6,26.6,25.8,23.4,18.4,11.9
Ishurdi,22.2,28.7,35.8,37.6,35.2,34.4,33.9,34.1,33.2,32.5,30.2,25.2,9.2,13.3,20.6,25.6,25.5,26.1,26.7,26.6,25.8,23.5,18.5,12
Bogra,22.9,28.5,33.5,34.3,34.3,33.2,33.5,33.3,32.9,32.8,30.7,26.5,10.9,14.4,20.9,24.8,25.1,26.3,27.1,26.9,26.1,23.8,19.5,13.5
Rangpur,22.4,27.2,31.7,32,32.3,31.3,32.6,32.9,32.1,30.9,28.8,24.9,10.5,13.1,19.2,23.1,23.5,24.6,26.6,26.6,25.6,23.5,18.6,12.7
Dinajpur,21.1,27.5,32.4,33.6,33.5,32.5,32.8,32.8,32.5,31.4,29.4,25.4,10.1,13.1,19.2,23.5,24.2,25.3,26.7,26.8,25.9,23.1,18.2,11.9
Sayedpur,22,27.7,32.5,33,32.9,32,32.9,33.2,32.4,31.4,29.2,25.3,10.1,13.2,19,23,23.9,25,26.7,26.7,25.7,23.1,18.1,12.1
Khulna,24.2,29.4,34.7,36.1,35.4,34,33.1,33.3,33.3,32.5,30.6,26.1,11.9,16.6,23.4,26.9,25.9,26.6,27,27,26.4,25,21.1,14.3
Mongla,24.4,29.8,35.1,36.4,35.2,33.6,32.4,32.8,32.8,32.4,30.5,25.8,12.5,17.1,24,27.1,26.3,26.7,26.8,26.7,26.2,24.9,21.5,15.3
Satkhira,24.1,29.2,34.6,36.1,35.1,34.3,33.2,33.5,32.6,32.4,30.6,25.6,11.2,16.4,23.5,27,26.1,26.9,27,26.8,26.2,24.6,20.3,13.3
Jessore,24.7,30.3,35.8,37.6,35.7,34.7,34,34.1,33.8,33.2,31.4,26.3,9.8,14.2,21.8,26.2,25.6,26.6,26.7,26.5,25.7,23.8,18.9,11.8
Chuadanga,22.6,29.4,36,37.8,35.2,34.6,34,34.4,33.7,33,30.6,25.2,8.8,13.9,20.7,25.9,25.5,26.1,26.5,26.4,25.4,23.4,18.5,11.6
Barisal,25.1,29.5,34.2,34.7,34.2,32.5,31.9,32.5,32.3,32.6,30.9,26.7,10.8,15.6,22.9,26.5,25.8,26.4,26.7,26.8,26.2,25,20.5,13.5
Patuakhali,25,29.8,34.3,35.1,34.8,32.8,32.1,32.6,32.8,32.7,30.9,26.9,12.2,16.4,23.1,26.4,25.9,26.6,26.6,26.6,26.3,25.1,21.1,14.6
Khepupara,25.3,30.1,33.1,33.7,33.9,32.1,31.4,31.9,32.1,32.2,30.7,26.8,12.1,16.8,23.6,26.9,26.6,27,26.7,26.6,26.4,25.3,21.3,14.5
Bhola,24.6,29,33.1,33.8,33.3,31.9,31.4,32.1,31.6,32.5,30.5,26.4,11.3,15.7,23,26.5,25.6,26.3,26.5,26.5,26,25.1,20.8,14.2
,,,,,,Monthly Temperature (°C) in 2011,,,,,,,,,,,,,,,,,,
2011,,,,Monthly Maximum Temperature in °C,,,,,,,,,,,,Monthly Minimum Temperature in °C,,,,,,,,
Stations,Jan,Feb,Mar,Apr,May,Jun,Jul,Aug,Sep,Oct,Nov,Dec,Jan,Feb,Mar,Apr,May,Jun,Jul,Aug,Sep,Oct,Nov,Dec
Dhaka,23.4,28.7,32.1,33.5,33.4,32.6,32.3,31.1,32.4,32.7,29.7,25,12.2,16.9,21.5,23.2,24.6,26.3,26.7,26.5,26.4,24.7,19.2,15
Mymensingh,22.2,27.3,30,31.9,31.7,32.1,31.7,31.3,32.2,32.4,28.7,24.5,10.8,15.3,19.7,21.9,23.5,25.9,26.1,26.3,26.1,23.8,16.9,13.6
Tangail,22.7,28.3,31.7,33.6,33.4,33.2,32.8,31.5,33,33.2,29.4,24,10.1,14.2,19.7,21.8,23.6,26,26.3,26.2,26.1,24,17.5,13.5
Faridpur,23.1,28.5,32.5,33.7,33.7,32.9,32.5,31.3,32.5,33.4,30,24.3,10.6,15.1,19.9,22.2,24.3,26.1,26.4,26.4,26.3,24.7,18.4,14.1
Madaripur,23.9,28.9,32.6,33.6,33.9,32.8,32.2,31.4,32,33,30,25.2,10.7,14.8,19.5,22.1,24.4,26,26.2,26.1,26.2,24.3,18.2,14.1
Chittagong,25,28.8,30.5,31.2,31.5,30.6,31.2,30.4,30.7,31.2,28.8,25.1,13.3,16.8,20.2,23.9,24.7,25.5,25.5,25.1,25.1,24.4,19.2,16.1
Sandwip,25.7,29.3,31.4,32.4,32.7,31.2,31.4,30.6,31.2,32.7,30.4,26.3,11.9,15.6,19.7,22.8,24.7,25.9,25.7,25.4,25.6,24.2,18.4,15.1
Sitakunda,26.9,30.5,32.3,33,32.9,31.8,32.1,31.1,31.8,33,31.1,27.5,10.5,14,18.6,22.4,24.4,25.7,25.4,25.2,25.3,23.5,17.1,13.6
Rangamati,25.8,30,32.9,33.7,33.4,32.2,32.2,31.7,32.4,32.2,29.8,26.7,11.7,14.9,18.5,22.2,23.9,24.7,24.5,24.3,24,23.2,17.3,15.1
Comilla,24.1,28.3,30.8,32.5,33.1,32.2,32,31.4,32.2,32.6,29.7,25.2,11.3,15.8,19.7,22.1,24.1,25.9,25.9,25.6,25.7,23.9,18.1,14.5
Chandpur,24,29.1,32.4,33.1,33.6,32.5,32.3,31.5,32.3,33.4,30.6,25.9,12,16.2,20.3,22.6,24.4,26,26.1,26,26.1,24.7,19.2,15.3
M_Court,23.9,28.9,32,33.5,33.5,32,31.8,31.1,31.9,32.7,29.6,24.8,12.8,16.9,20.3,22.9,24.7,26.1,26.5,26.1,26.1,25.2,20.4,16.1
Feni,24.2,29,31.3,32.7,32.5,31.1,31.3,30.5,31.4,32.4,30,26.1,11.4,15.9,19.7,22.6,24.2,25.5,25.6,25.3,25.3,24.2,18.1,14.6
Hatiya,25.5,29.3,31.4,32.5,32.1,30.8,30.7,30.2,30.4,32,30.3,26.2,11.9,15.8,20.2,23.2,25.2,26.1,25.9,25.8,25.8,24.6,18.9,15.2
Cox's_Bazar,27,30.3,32.3,32.9,32.5,31.3,31.2,30.9,31.1,32.1,30.7,27.6,14.9,17.8,20.9,24.1,24.7,25.4,25.5,25.1,24.9,23.9,19.5,17
Kutubdia,25,28.1,30,31.3,31.9,30.5,30.6,30.6,30.8,32,30.1,26.2,14.6,17.7,20.7,24.2,25.3,26,26,25.7,25.5,24.8,19.3,16.4
Teknaf,27.1,29.2,30.7,31.3,31.8,29.9,30.4,29.7,29.9,31.6,30.6,27.7,14.9,16.8,19.3,23.5,25,25.4,25.6,25.3,25.2,24.3,18.3,16.4
Sylhet,24.1,29.2,31.4,33.2,31.8,32.6,32.5,32.6,33.6,33.5,29.8,27.7,12,15.5,19.3,22.1,23.3,25.3,25.7,25.6,25.5,23.6,17.8,15.3
Srimangal,23.7,28.8,31.3,33.2,32.2,32.3,32.5,32.4,33.3,33,30.1,25.9,8.6,12.4,17.6,20.6,22.8,25,25.5,25.3,25.1,22.2,14.8,12
Rajshahi,22.6,28.3,33.7,34.8,34.6,34.1,33.5,32.2,32.8,32.9,29.1,24.2,8.6,12.6,18.7,22.2,23.9,25.8,26.4,26.2,25.9,23.3,17,12.5
Ishurdi,22.7,28,33,34.3,34.1,34.1,33.3,31.7,32.6,32.9,29.3,24.2,8.4,12.6,18.7,22.1,24.1,26.2,26.3,26.1,26.1,23.3,16.8,12.3
Bogra,22.2,28.3,31.6,33.1,33,33.3,32.9,32.1,32.9,33.8,29.9,24.4,10.1,14.7,20.1,22.4,23.6,26.1,26.5,26.3,26.2,24.2,18,13.3
Rangpur,21,26.8,29.9,31.6,31.7,32.8,32.2,32.2,32.6,32.2,28,23.3,9.6,14,18.3,21.3,23.2,25.3,26,26.1,26.1,23.8,17.4,13
Dinajpur,20.9,27.1,30.6,31.9,32.3,32.9,32.6,32.2,32.7,32.5,28.8,23.6,9.2,13.8,17.8,21.4,23.3,25.5,26.3,26.1,26.1,23.4,16.5,12.1
Sayedpur,21.2,27.5,30.6,32.4,32.3,33.2,32.5,32.5,32.7,32.9,28.7,24.1,9.2,14.1,17.6,21.1,23,25.5,26.1,25.9,26.1,23.4,16.7,12.3
Khulna,24.2,29,33,34.4,34.8,33.5,32.6,31.4,32,33.4,30.3,25.1,12,16.2,20.5,23.5,25.5,26.5,26.5,26.2,25.9,25.2,19.4,14.7
Mongla,24.5,29.1,33,34.5,34.8,33.1,32.3,31.1,31.5,33.1,30.2,25.1,12.8,16.6,21,23.8,25.9,26.6,26.5,26,25.9,24.9,19.8,15.6
Satkhira,24.3,28.7,32.3,34.2,34.7,33.6,32.3,31,31.9,32.8,29.7,25,11.6,15.7,20.6,23.4,25.4,26.8,26.7,26.4,26.2,25,19.2,14.7
Jessore,24.8,29.6,33.5,35.1,35.4,34.2,33.2,32,32.7,34.1,30.7,26.1,9.3,14,19.2,22.4,25,26.1,26.2,26,25.6,23.2,16.7,12.1
Chuadanga,23.4,28.6,33.3,34.4,34.7,34.2,33.1,32,32.8,33.4,29.6,24.6,8.6,12.9,19,22.1,24.5,26.2,26,25.9,25.6,23.2,17.1,12.3
Barisal,25,29.3,32.4,33.3,33.8,32.3,31.8,31,31.7,32.9,30.3,26.1,10.9,15.3,20.1,23,25.2,26.3,26.4,25.9,25.9,24.5,18.4,14.3
Patuakhali,25.3,29.8,33.3,34.4,34.2,32.4,32.2,31.4,31.4,33.1,30.6,26.3,12.1,15.8,20.4,23.3,25.3,26.2,26.2,25.8,25.7,24.5,18.8,15
Khepupara,25.4,29.4,32.3,33.1,33,32,31.7,30.9,31.5,33.1,30.6,26.8,12.3,16.2,20.7,23.9,25.1,26.3,26,26,26.1,24.9,19.3,15
Bhola,24.2,28.9,31.7,32.9,32.9,31.6,30.9,30.8,31.1,32.7,29.8,26,11.4,15.4,20.2,23.1,25,26.1,26.2,25.8,25.9,24.6,18.6,15.1
,,,,,,Monthly Temperature (°C) in 2012,,,,,,,,,,,,,,,,,,
2012,,,,Monthly Maximum Temperature in °C,,,,,,,,,,,,Monthly Minimum Temperature in °C,,,,,,,,
Stations,Jan,Feb,Mar,Apr,May,Jun,Jul,Aug,Sep,Oct,Nov,Dec,Jan,Feb,Mar,Apr,May,Jun,Jul,Aug,Sep,Oct,Nov,Dec
Dhaka,23.4,28.7,32.1,33.5,33.4,32.6,32.3,31.1,32.4,32.7,29.7,25,12.2,16.9,21.5,23.2,24.6,26.3,26.7,26.5,26.4,24.7,19.2,15
Mymensingh,22.2,27.3,30,31.9,31.7,32.1,31.7,31.3,32.2,32.4,28.7,24.5,10.8,15.3,19.7,21.9,23.5,25.9,26.1,26.3,26.1,23.8,16.9,13.6
Tangail,22.7,28.3,31.7,33.6,33.4,33.2,32.8,31.5,33,33.2,29.4,24,10.1,14.2,19.7,21.8,23.6,26,26.3,26.2,26.1,24,17.5,13.5
Faridpur,23.1,28.5,32.5,33.7,33.7,32.9,32.5,31.3,32.5,33.4,30,24.3,10.6,15.1,19.9,22.2,24.3,26.1,26.4,26.4,26.3,24.7,18.4,14.1
Madaripur,23.9,28.9,32.6,33.6,33.9,32.8,32.2,31.4,32,33,30,25.2,10.7,14.8,19.5,22.1,24.4,26,26.2,26.1,26.2,24.3,18.2,14.1
Chittagong,25,28.8,30.5,31.2,31.5,30.6,31.2,30.4,30.7,31.2,28.8,25.1,13.3,16.8,20.2,23.9,24.7,25.5,25.5,25.1,25.1,24.4,19.2,16.1
Sandwip,25.7,29.3,31.4,32.4,32.7,31.2,31.4,30.6,31.2,32.7,30.4,26.3,11.9,15.6,19.7,22.8,24.7,25.9,25.7,25.4,25.6,24.2,18.4,15.1
Sitakunda,26.9,30.5,32.3,33,32.9,31.8,32.1,31.1,31.8,33,31.1,27.5,10.5,14,18.6,22.4,24.4,25.7,25.4,25.2,25.3,23.5,17.1,13.6
Rangamati,25.8,30,32.9,33.7,33.4,32.2,32.2,31.7,32.4,32.2,29.8,26.7,11.7,14.9,18.5,22.2,23.9,24.7,24.5,24.3,24,23.2,17.3,15.1
Comilla,24.1,28.3,30.8,32.5,33.1,32.2,32,31.4,32.2,32.6,29.7,25.2,11.3,15.8,19.7,22.1,24.1,25.9,25.9,25.6,25.7,23.9,18.1,14.5
Chandpur,24,29.1,32.4,33.1,33.6,32.5,32.3,31.5,32.3,33.4,30.6,25.9,12,16.2,20.3,22.6,24.4,26,26.1,26,26.1,24.7,19.2,15.3
M_Court,23.9,28.9,32,33.5,33.5,32,31.8,31.1,31.9,32.7,29.6,24.8,12.8,16.9,20.3,22.9,24.7,26.1,26.5,26.1,26.1,25.2,20.4,16.1
Feni,24.2,29,31.3,32.7,32.5,31.1,31.3,30.5,31.4,32.4,30,26.1,11.4,15.9,19.7,22.6,24.2,25.5,25.6,25.3,25.3,24.2,18.1,14.6
Hatiya,25.5,29.3,31.4,32.5,32.1,30.8,30.7,30.2,30.4,32,30.3,26.2,11.9,15.8,20.2,23.2,25.2,26.1,25.9,25.8,25.8,24.6,18.9,15.2
Cox's_Bazar,27,30.3,32.3,32.9,32.5,31.3,31.2,30.9,31.1,32.1,30.7,27.6,14.9,17.8,20.9,24.1,24.7,25.4,25.5,25.1,24.9,23.9,19.5,17
Kutubdia,25,28.1,30,31.3,31.9,30.5,30.6,30.6,30.8,32,30.1,26.2,14.6,17.7,20.7,24.2,25.3,26,26,25.7,25.5,24.8,19.3,16.4
Teknaf,27.1,29.2,30.7,31.3,31.8,29.9,30.4,29.7,29.9,31.6,30.6,27.7,14.9,16.8,19.3,23.5,25,25.4,25.6,25.3,25.2,24.3,18.3,16.4
Sylhet,24.1,29.2,31.4,33.2,31.8,32.6,32.5,32.6,33.6,33.5,29.8,27.7,12,15.5,19.3,22.1,23.3,25.3,25.7,25.6,25.5,23.6,17.8,15.3
Srimangal,23.7,28.8,31.3,33.2,32.2,32.3,32.5,32.4,33.3,33,30.1,25.9,8.6,12.4,17.6,20.6,22.8,25,25.5,25.3,25.1,22.2,14.8,12
Rajshahi,22.6,28.3,33.7,34.8,34.6,34.1,33.5,32.2,32.8,32.9,29.1,24.2,8.6,12.6,18.7,22.2,23.9,25.8,26.4,26.2,25.9,23.3,17,12.5
Ishurdi,22.7,28,33,34.3,34.1,34.1,33.3,31.7,32.6,32.9,29.3,24.2,8.4,12.6,18.7,22.1,24.1,26.2,26.3,26.1,26.1,23.3,16.8,12.3
Bogra,22.2,28.3,31.6,33.1,33,33.3,32.9,32.1,32.9,33.8,29.9,24.4,10.1,14.7,20.1,22.4,23.6,26.1,26.5,26.3,26.2,24.2,18,13.3
Rangpur,21,26.8,29.9,31.6,31.7,32.8,32.2,32.2,32.6,32.2,28,23.3,9.6,14,18.3,21.3,23.2,25.3,26,26.1,26.1,23.8,17.4,13
Dinajpur,20.9,27.1,30.6,31.9,32.3,32.9,32.6,32.2,32.7,32.5,28.8,23.6,9.2,13.8,17.8,21.4,23.3,25.5,26.3,26.1,26.1,23.4,16.5,12.1
Sayedpur,21.2,27.5,30.6,32.4,32.3,33.2,32.5,32.5,32.7,32.9,28.7,24.1,9.2,14.1,17.6,21.1,23,25.5,26.1,25.9,26.1,23.4,16.7,12.3
Khulna,24.2,29,33,34.4,34.8,33.5,32.6,31.4,32,33.4,30.3,25.1,12,16.2,20.5,23.5,25.5,26.5,26.5,26.2,25.9,25.2,19.4,14.7
Mongla,24.5,29.1,33,34.5,34.8,33.1,32.3,31.1,31.5,33.1,30.2,25.1,12.8,16.6,21,23.8,25.9,26.6,26.5,26,25.9,24.9,19.8,15.6
Satkhira,24.3,28.7,32.3,34.2,34.7,33.6,32.3,31,31.9,32.8,29.7,25,11.6,15.7,20.6,23.4,25.4,26.8,26.7,26.4,26.2,25,19.2,14.7
Jessore,24.8,29.6,33.5,35.1,35.4,34.2,33.2,32,32.7,34.1,30.7,26.1,9.3,14,19.2,22.4,25,26.1,26.2,26,25.6,23.2,16.7,12.1
Chuadanga,23.4,28.6,33.3,34.4,34.7,34.2,33.1,32,32.8,33.4,29.6,24.6,8.6,12.9,19,22.1,24.5,26.2,26,25.9,25.6,23.2,17.1,12.3
Barisal,25,29.3,32.4,33.3,33.8,32.3,31.8,31,31.7,32.9,30.3,26.1,10.9,15.3,20.1,23,25.2,26.3,26.4,25.9,25.9,24.5,18.4,14.3
Patuakhali,25.3,29.8,33.3,34.4,34.2,32.4,32.2,31.4,31.4,33.1,30.6,26.3,12.1,15.8,20.4,23.3,25.3,26.2,26.2,25.8,25.7,24.5,18.8,15
Khepupara,25.4,29.4,32.3,33.1,33,32,31.7,30.9,31.5,33.1,30.6,26.8,12.3,16.2,20.7,23.9,25.1,26.3,26,26,26.1,24.9,19.3,15
Bhola,24.2,28.9,31.7,32.9,32.9,31.6,30.9,30.8,31.1,32.7,29.8,26,11.4,15.4,20.2,23.1,25,26.1,26.2,25.8,25.9,24.6,18.6,15.1
